Name,Types,Stats
Bulbasaur,Grass|Poison,hp:45|atk:49|def:49|spa:65|spd:65|spe:45
Ivysaur,Grass|Poison,hp:60|atk:62|def:63|spa:80|spd:80|spe:60
Venusaur,Grass|Poison,hp:80|atk:82|def:83|spa:100|spd:100|spe:80
Venusaur-Mega,Grass|Poison,hp:80|atk:100|def:123|spa:122|spd:120|spe:80
Venusaur-Gmax,Grass|Poison,hp:80|atk:82|def:83|spa:100|spd:100|spe:80
Charmander,Fire,hp:39|atk:52|def:43|spa:60|spd:50|spe:65
Charmeleon,Fire,hp:58|atk:64|def:58|spa:80|spd:65|spe:80
Charizard,Fire|Flying,hp:78|atk:84|def:78|spa:109|spd:85|spe:100
Charizard-Mega-X,Fire|Dragon,hp:78|atk:130|def:111|spa:130|spd:85|spe:100
Charizard-Mega-Y,Fire|Flying,hp:78|atk:104|def:78|spa:159|spd:115|spe:100
Charizard-Gmax,Fire|Flying,hp:78|atk:84|def:78|spa:109|spd:85|spe:100
Squirtle,Water,hp:44|atk:48|def:65|spa:50|spd:64|spe:43
Wartortle,Water,hp:59|atk:63|def:80|spa:65|spd:80|spe:58
Blastoise,Water,hp:79|atk:83|def:100|spa:85|spd:105|spe:78
Blastoise-Mega,Water,hp:79|atk:103|def:120|spa:135|spd:115|spe:78
Blastoise-Gmax,Water,hp:79|atk:83|def:100|spa:85|spd:105|spe:78
Caterpie,Bug,hp:45|atk:30|def:35|spa:20|spd:20|spe:45
Metapod,Bug,hp:50|atk:20|def:55|spa:25|spd:25|spe:30
Butterfree,Bug|Flying,hp:60|atk:45|def:50|spa:90|spd:80|spe:70
Butterfree-Gmax,Bug|Flying,hp:60|atk:45|def:50|spa:90|spd:80|spe:70
Weedle,Bug|Poison,hp:40|atk:35|def:30|spa:20|spd:20|spe:50
Kakuna,Bug|Poison,hp:45|atk:25|def:50|spa:25|spd:25|spe:35
Beedrill,Bug|Poison,hp:65|atk:90|def:40|spa:45|spd:80|spe:75
Beedrill-Mega,Bug|Poison,hp:65|atk:150|def:40|spa:15|spd:80|spe:145
Pidgey,Normal|Flying,hp:40|atk:45|def:40|spa:35|spd:35|spe:56
Pidgeotto,Normal|Flying,hp:63|atk:60|def:55|spa:50|spd:50|spe:71
Pidgeot,Normal|Flying,hp:83|atk:80|def:75|spa:70|spd:70|spe:101
Pidgeot-Mega,Normal|Flying,hp:83|atk:80|def:80|spa:135|spd:80|spe:121
Rattata,Normal,hp:30|atk:56|def:35|spa:25|spd:35|spe:72
Rattata-Alola,Dark|Normal,hp:30|atk:56|def:35|spa:25|spd:35|spe:72
Raticate,Normal,hp:55|atk:81|def:60|spa:50|spd:70|spe:97
Raticate-Alola,Dark|Normal,hp:75|atk:71|def:70|spa:40|spd:80|spe:77
Raticate-Alola-Totem,Dark|Normal,hp:75|atk:71|def:70|spa:40|spd:80|spe:77
Spearow,Normal|Flying,hp:40|atk:60|def:30|spa:31|spd:31|spe:70
Fearow,Normal|Flying,hp:65|atk:90|def:65|spa:61|spd:61|spe:100
Ekans,Poison,hp:35|atk:60|def:44|spa:40|spd:54|spe:55
Arbok,Poison,hp:60|atk:95|def:69|spa:65|spd:79|spe:80
Pikachu,Electric,hp:35|atk:55|def:40|spa:50|spd:50|spe:90
Pikachu-Cosplay,Electric,hp:35|atk:55|def:40|spa:50|spd:50|spe:90
Pikachu-Rock-Star,Electric,hp:35|atk:55|def:40|spa:50|spd:50|spe:90
Pikachu-Belle,Electric,hp:35|atk:55|def:40|spa:50|spd:50|spe:90
Pikachu-Pop-Star,Electric,hp:35|atk:55|def:40|spa:50|spd:50|spe:90
Pikachu-PhD,Electric,hp:35|atk:55|def:40|spa:50|spd:50|spe:90
Pikachu-Libre,Electric,hp:35|atk:55|def:40|spa:50|spd:50|spe:90
Pikachu-Original,Electric,hp:35|atk:55|def:40|spa:50|spd:50|spe:90
Pikachu-Hoenn,Electric,hp:35|atk:55|def:40|spa:50|spd:50|spe:90
Pikachu-Sinnoh,Electric,hp:35|atk:55|def:40|spa:50|spd:50|spe:90
Pikachu-Unova,Electric,hp:35|atk:55|def:40|spa:50|spd:50|spe:90
Pikachu-Kalos,Electric,hp:35|atk:55|def:40|spa:50|spd:50|spe:90
Pikachu-Alola,Electric,hp:35|atk:55|def:40|spa:50|spd:50|spe:90
Pikachu-Partner,Electric,hp:35|atk:55|def:40|spa:50|spd:50|spe:90
Pikachu-Starter,Electric,hp:45|atk:80|def:50|spa:75|spd:60|spe:120
Pikachu-Gmax,Electric,hp:35|atk:55|def:40|spa:50|spd:50|spe:90
Pikachu-World,Electric,hp:35|atk:55|def:40|spa:50|spd:50|spe:90
Raichu,Electric,hp:60|atk:90|def:55|spa:90|spd:80|spe:110
Raichu-Alola,Electric|Psychic,hp:60|atk:85|def:50|spa:95|spd:85|spe:110
Sandshrew,Ground,hp:50|atk:75|def:85|spa:20|spd:30|spe:40
Sandshrew-Alola,Ice|Steel,hp:50|atk:75|def:90|spa:10|spd:35|spe:40
Sandslash,Ground,hp:75|atk:100|def:110|spa:45|spd:55|spe:65
Sandslash-Alola,Ice|Steel,hp:75|atk:100|def:120|spa:25|spd:65|spe:65
Nidoran-F,Poison,hp:55|atk:47|def:52|spa:40|spd:40|spe:41
Nidorina,Poison,hp:70|atk:62|def:67|spa:55|spd:55|spe:56
Nidoqueen,Poison|Ground,hp:90|atk:92|def:87|spa:75|spd:85|spe:76
Nidoran-M,Poison,hp:46|atk:57|def:40|spa:40|spd:40|spe:50
Nidorino,Poison,hp:61|atk:72|def:57|spa:55|spd:55|spe:65
Nidoking,Poison|Ground,hp:81|atk:102|def:77|spa:85|spd:75|spe:85
Clefairy,Fairy,hp:70|atk:45|def:48|spa:60|spd:65|spe:35
Clefable,Fairy,hp:95|atk:70|def:73|spa:95|spd:90|spe:60
Vulpix,Fire,hp:38|atk:41|def:40|spa:50|spd:65|spe:65
Vulpix-Alola,Ice,hp:38|atk:41|def:40|spa:50|spd:65|spe:65
Ninetales,Fire,hp:73|atk:76|def:75|spa:81|spd:100|spe:100
Ninetales-Alola,Ice|Fairy,hp:73|atk:67|def:75|spa:81|spd:100|spe:109
Jigglypuff,Normal|Fairy,hp:115|atk:45|def:20|spa:45|spd:25|spe:20
Wigglytuff,Normal|Fairy,hp:140|atk:70|def:45|spa:85|spd:50|spe:45
Zubat,Poison|Flying,hp:40|atk:45|def:35|spa:30|spd:40|spe:55
Golbat,Poison|Flying,hp:75|atk:80|def:70|spa:65|spd:75|spe:90
Oddish,Grass|Poison,hp:45|atk:50|def:55|spa:75|spd:65|spe:30
Gloom,Grass|Poison,hp:60|atk:65|def:70|spa:85|spd:75|spe:40
Vileplume,Grass|Poison,hp:75|atk:80|def:85|spa:110|spd:90|spe:50
Paras,Bug|Grass,hp:35|atk:70|def:55|spa:45|spd:55|spe:25
Parasect,Bug|Grass,hp:60|atk:95|def:80|spa:60|spd:80|spe:30
Venonat,Bug|Poison,hp:60|atk:55|def:50|spa:40|spd:55|spe:45
Venomoth,Bug|Poison,hp:70|atk:65|def:60|spa:90|spd:75|spe:90
Diglett,Ground,hp:10|atk:55|def:25|spa:35|spd:45|spe:95
Diglett-Alola,Ground|Steel,hp:10|atk:55|def:30|spa:35|spd:45|spe:90
Dugtrio,Ground,hp:35|atk:100|def:50|spa:50|spd:70|spe:120
Dugtrio-Alola,Ground|Steel,hp:35|atk:100|def:60|spa:50|spd:70|spe:110
Meowth,Normal,hp:40|atk:45|def:35|spa:40|spd:40|spe:90
Meowth-Alola,Dark,hp:40|atk:35|def:35|spa:50|spd:40|spe:90
Meowth-Galar,Steel,hp:50|atk:65|def:55|spa:40|spd:40|spe:40
Meowth-Gmax,Normal,hp:40|atk:45|def:35|spa:40|spd:40|spe:90
Persian,Normal,hp:65|atk:70|def:60|spa:65|spd:65|spe:115
Persian-Alola,Dark,hp:65|atk:60|def:60|spa:75|spd:65|spe:115
Psyduck,Water,hp:50|atk:52|def:48|spa:65|spd:50|spe:55
Golduck,Water,hp:80|atk:82|def:78|spa:95|spd:80|spe:85
Mankey,Fighting,hp:40|atk:80|def:35|spa:35|spd:45|spe:70
Primeape,Fighting,hp:65|atk:105|def:60|spa:60|spd:70|spe:95
Growlithe,Fire,hp:55|atk:70|def:45|spa:70|spd:50|spe:60
Growlithe-Hisui,Fire|Rock,hp:60|atk:75|def:45|spa:65|spd:50|spe:55
Arcanine,Fire,hp:90|atk:110|def:80|spa:100|spd:80|spe:95
Arcanine-Hisui,Fire|Rock,hp:95|atk:115|def:80|spa:95|spd:80|spe:90
Poliwag,Water,hp:40|atk:50|def:40|spa:40|spd:40|spe:90
Poliwhirl,Water,hp:65|atk:65|def:65|spa:50|spd:50|spe:90
Poliwrath,Water|Fighting,hp:90|atk:95|def:95|spa:70|spd:90|spe:70
Abra,Psychic,hp:25|atk:20|def:15|spa:105|spd:55|spe:90
Kadabra,Psychic,hp:40|atk:35|def:30|spa:120|spd:70|spe:105
Alakazam,Psychic,hp:55|atk:50|def:45|spa:135|spd:95|spe:120
Alakazam-Mega,Psychic,hp:55|atk:50|def:65|spa:175|spd:105|spe:150
Machop,Fighting,hp:70|atk:80|def:50|spa:35|spd:35|spe:35
Machoke,Fighting,hp:80|atk:100|def:70|spa:50|spd:60|spe:45
Machamp,Fighting,hp:90|atk:130|def:80|spa:65|spd:85|spe:55
Machamp-Gmax,Fighting,hp:90|atk:130|def:80|spa:65|spd:85|spe:55
Bellsprout,Grass|Poison,hp:50|atk:75|def:35|spa:70|spd:30|spe:40
Weepinbell,Grass|Poison,hp:65|atk:90|def:50|spa:85|spd:45|spe:55
Victreebel,Grass|Poison,hp:80|atk:105|def:65|spa:100|spd:70|spe:70
Tentacool,Water|Poison,hp:40|atk:40|def:35|spa:50|spd:100|spe:70
Tentacruel,Water|Poison,hp:80|atk:70|def:65|spa:80|spd:120|spe:100
Geodude,Rock|Ground,hp:40|atk:80|def:100|spa:30|spd:30|spe:20
Geodude-Alola,Rock|Electric,hp:40|atk:80|def:100|spa:30|spd:30|spe:20
Graveler,Rock|Ground,hp:55|atk:95|def:115|spa:45|spd:45|spe:35
Graveler-Alola,Rock|Electric,hp:55|atk:95|def:115|spa:45|spd:45|spe:35
Golem,Rock|Ground,hp:80|atk:120|def:130|spa:55|spd:65|spe:45
Golem-Alola,Rock|Electric,hp:80|atk:120|def:130|spa:55|spd:65|spe:45
Ponyta,Fire,hp:50|atk:85|def:55|spa:65|spd:65|spe:90
Ponyta-Galar,Psychic,hp:50|atk:85|def:55|spa:65|spd:65|spe:90
Rapidash,Fire,hp:65|atk:100|def:70|spa:80|spd:80|spe:105
Rapidash-Galar,Psychic|Fairy,hp:65|atk:100|def:70|spa:80|spd:80|spe:105
Slowpoke,Water|Psychic,hp:90|atk:65|def:65|spa:40|spd:40|spe:15
Slowpoke-Galar,Psychic,hp:90|atk:65|def:65|spa:40|spd:40|spe:15
Slowbro,Water|Psychic,hp:95|atk:75|def:110|spa:100|spd:80|spe:30
Slowbro-Mega,Water|Psychic,hp:95|atk:75|def:180|spa:130|spd:80|spe:30
Slowbro-Galar,Poison|Psychic,hp:95|atk:100|def:95|spa:100|spd:70|spe:30
Magnemite,Electric|Steel,hp:25|atk:35|def:70|spa:95|spd:55|spe:45
Magneton,Electric|Steel,hp:50|atk:60|def:95|spa:120|spd:70|spe:70
Farfetch\u2019d,Normal|Flying,hp:52|atk:90|def:55|spa:58|spd:62|spe:60
Farfetch\u2019d-Galar,Fighting,hp:52|atk:95|def:55|spa:58|spd:62|spe:55
Doduo,Normal|Flying,hp:35|atk:85|def:45|spa:35|spd:35|spe:75
Dodrio,Normal|Flying,hp:60|atk:110|def:70|spa:60|spd:60|spe:110
Seel,Water,hp:65|atk:45|def:55|spa:45|spd:70|spe:45
Dewgong,Water|Ice,hp:90|atk:70|def:80|spa:70|spd:95|spe:70
Grimer,Poison,hp:80|atk:80|def:50|spa:40|spd:50|spe:25
Grimer-Alola,Poison|Dark,hp:80|atk:80|def:50|spa:40|spd:50|spe:25
Muk,Poison,hp:105|atk:105|def:75|spa:65|spd:100|spe:50
Muk-Alola,Poison|Dark,hp:105|atk:105|def:75|spa:65|spd:100|spe:50
Shellder,Water,hp:30|atk:65|def:100|spa:45|spd:25|spe:40
Cloyster,Water|Ice,hp:50|atk:95|def:180|spa:85|spd:45|spe:70
Gastly,Ghost|Poison,hp:30|atk:35|def:30|spa:100|spd:35|spe:80
Haunter,Ghost|Poison,hp:45|atk:50|def:45|spa:115|spd:55|spe:95
Gengar,Ghost|Poison,hp:60|atk:65|def:60|spa:130|spd:75|spe:110
Gengar-Mega,Ghost|Poison,hp:60|atk:65|def:80|spa:170|spd:95|spe:130
Gengar-Gmax,Ghost|Poison,hp:60|atk:65|def:60|spa:130|spd:75|spe:110
Onix,Rock|Ground,hp:35|atk:45|def:160|spa:30|spd:45|spe:70
Drowzee,Psychic,hp:60|atk:48|def:45|spa:43|spd:90|spe:42
Hypno,Psychic,hp:85|atk:73|def:70|spa:73|spd:115|spe:67
Krabby,Water,hp:30|atk:105|def:90|spa:25|spd:25|spe:50
Kingler,Water,hp:55|atk:130|def:115|spa:50|spd:50|spe:75
Kingler-Gmax,Water,hp:55|atk:130|def:115|spa:50|spd:50|spe:75
Voltorb,Electric,hp:40|atk:30|def:50|spa:55|spd:55|spe:100
Voltorb-Hisui,Electric|Grass,hp:40|atk:30|def:50|spa:55|spd:55|spe:100
Electrode,Electric,hp:60|atk:50|def:70|spa:80|spd:80|spe:150
Electrode-Hisui,Electric|Grass,hp:60|atk:50|def:70|spa:80|spd:80|spe:150
Exeggcute,Grass|Psychic,hp:60|atk:40|def:80|spa:60|spd:45|spe:40
Exeggutor,Grass|Psychic,hp:95|atk:95|def:85|spa:125|spd:75|spe:55
Exeggutor-Alola,Grass|Dragon,hp:95|atk:105|def:85|spa:125|spd:75|spe:45
Cubone,Ground,hp:50|atk:50|def:95|spa:40|spd:50|spe:35
Marowak,Ground,hp:60|atk:80|def:110|spa:50|spd:80|spe:45
Marowak-Alola,Fire|Ghost,hp:60|atk:80|def:110|spa:50|spd:80|spe:45
Marowak-Alola-Totem,Fire|Ghost,hp:60|atk:80|def:110|spa:50|spd:80|spe:45
Hitmonlee,Fighting,hp:50|atk:120|def:53|spa:35|spd:110|spe:87
Hitmonchan,Fighting,hp:50|atk:105|def:79|spa:35|spd:110|spe:76
Lickitung,Normal,hp:90|atk:55|def:75|spa:60|spd:75|spe:30
Koffing,Poison,hp:40|atk:65|def:95|spa:60|spd:45|spe:35
Weezing,Poison,hp:65|atk:90|def:120|spa:85|spd:70|spe:60
Weezing-Galar,Poison|Fairy,hp:65|atk:90|def:120|spa:85|spd:70|spe:60
Rhyhorn,Ground|Rock,hp:80|atk:85|def:95|spa:30|spd:30|spe:25
Rhydon,Ground|Rock,hp:105|atk:130|def:120|spa:45|spd:45|spe:40
Chansey,Normal,hp:250|atk:5|def:5|spa:35|spd:105|spe:50
Tangela,Grass,hp:65|atk:55|def:115|spa:100|spd:40|spe:60
Kangaskhan,Normal,hp:105|atk:95|def:80|spa:40|spd:80|spe:90
Kangaskhan-Mega,Normal,hp:105|atk:125|def:100|spa:60|spd:100|spe:100
Horsea,Water,hp:30|atk:40|def:70|spa:70|spd:25|spe:60
Seadra,Water,hp:55|atk:65|def:95|spa:95|spd:45|spe:85
Goldeen,Water,hp:45|atk:67|def:60|spa:35|spd:50|spe:63
Seaking,Water,hp:80|atk:92|def:65|spa:65|spd:80|spe:68
Staryu,Water,hp:30|atk:45|def:55|spa:70|spd:55|spe:85
Starmie,Water|Psychic,hp:60|atk:75|def:85|spa:100|spd:85|spe:115
Mr. Mime,Psychic|Fairy,hp:40|atk:45|def:65|spa:100|spd:120|spe:90
Mr. Mime-Galar,Ice|Psychic,hp:50|atk:65|def:65|spa:90|spd:90|spe:100
Scyther,Bug|Flying,hp:70|atk:110|def:80|spa:55|spd:80|spe:105
Jynx,Ice|Psychic,hp:65|atk:50|def:35|spa:115|spd:95|spe:95
Electabuzz,Electric,hp:65|atk:83|def:57|spa:95|spd:85|spe:105
Magmar,Fire,hp:65|atk:95|def:57|spa:100|spd:85|spe:93
Pinsir,Bug,hp:65|atk:125|def:100|spa:55|spd:70|spe:85
Pinsir-Mega,Bug|Flying,hp:65|atk:155|def:120|spa:65|spd:90|spe:105
Tauros,Normal,hp:75|atk:100|def:95|spa:40|spd:70|spe:110
Tauros-Paldea-Combat,Fighting,hp:75|atk:110|def:105|spa:30|spd:70|spe:100
Tauros-Paldea-Blaze,Fighting|Fire,hp:75|atk:110|def:105|spa:30|spd:70|spe:100
Tauros-Paldea-Aqua,Fighting|Water,hp:75|atk:110|def:105|spa:30|spd:70|spe:100
Magikarp,Water,hp:20|atk:10|def:55|spa:15|spd:20|spe:80
Gyarados,Water|Flying,hp:95|atk:125|def:79|spa:60|spd:100|spe:81
Gyarados-Mega,Water|Dark,hp:95|atk:155|def:109|spa:70|spd:130|spe:81
Lapras,Water|Ice,hp:130|atk:85|def:80|spa:85|spd:95|spe:60
Lapras-Gmax,Water|Ice,hp:130|atk:85|def:80|spa:85|spd:95|spe:60
Ditto,Normal,hp:48|atk:48|def:48|spa:48|spd:48|spe:48
Eevee,Normal,hp:55|atk:55|def:50|spa:45|spd:65|spe:55
Eevee-Starter,Normal,hp:65|atk:75|def:70|spa:65|spd:85|spe:75
Eevee-Gmax,Normal,hp:55|atk:55|def:50|spa:45|spd:65|spe:55
Vaporeon,Water,hp:130|atk:65|def:60|spa:110|spd:95|spe:65
Jolteon,Electric,hp:65|atk:65|def:60|spa:110|spd:95|spe:130
Flareon,Fire,hp:65|atk:130|def:60|spa:95|spd:110|spe:65
Porygon,Normal,hp:65|atk:60|def:70|spa:85|spd:75|spe:40
Omanyte,Rock|Water,hp:35|atk:40|def:100|spa:90|spd:55|spe:35
Omastar,Rock|Water,hp:70|atk:60|def:125|spa:115|spd:70|spe:55
Kabuto,Rock|Water,hp:30|atk:80|def:90|spa:55|spd:45|spe:55
Kabutops,Rock|Water,hp:60|atk:115|def:105|spa:65|spd:70|spe:80
Aerodactyl,Rock|Flying,hp:80|atk:105|def:65|spa:60|spd:75|spe:130
Aerodactyl-Mega,Rock|Flying,hp:80|atk:135|def:85|spa:70|spd:95|spe:150
Snorlax,Normal,hp:160|atk:110|def:65|spa:65|spd:110|spe:30
Snorlax-Gmax,Normal,hp:160|atk:110|def:65|spa:65|spd:110|spe:30
Articuno,Ice|Flying,hp:90|atk:85|def:100|spa:95|spd:125|spe:85
Articuno-Galar,Psychic|Flying,hp:90|atk:85|def:85|spa:125|spd:100|spe:95
Zapdos,Electric|Flying,hp:90|atk:90|def:85|spa:125|spd:90|spe:100
Zapdos-Galar,Fighting|Flying,hp:90|atk:125|def:90|spa:85|spd:90|spe:100
Moltres,Fire|Flying,hp:90|atk:100|def:90|spa:125|spd:85|spe:90
Moltres-Galar,Dark|Flying,hp:90|atk:85|def:90|spa:100|spd:125|spe:90
Dratini,Dragon,hp:41|atk:64|def:45|spa:50|spd:50|spe:50
Dragonair,Dragon,hp:61|atk:84|def:65|spa:70|spd:70|spe:70
Dragonite,Dragon|Flying,hp:91|atk:134|def:95|spa:100|spd:100|spe:80
Mewtwo,Psychic,hp:106|atk:110|def:90|spa:154|spd:90|spe:130
Mewtwo-Mega-X,Psychic|Fighting,hp:106|atk:190|def:100|spa:154|spd:100|spe:130
Mewtwo-Mega-Y,Psychic,hp:106|atk:150|def:70|spa:194|spd:120|spe:140
Mew,Psychic,hp:100|atk:100|def:100|spa:100|spd:100|spe:100
Chikorita,Grass,hp:45|atk:49|def:65|spa:49|spd:65|spe:45
Bayleef,Grass,hp:60|atk:62|def:80|spa:63|spd:80|spe:60
Meganium,Grass,hp:80|atk:82|def:100|spa:83|spd:100|spe:80
Cyndaquil,Fire,hp:39|atk:52|def:43|spa:60|spd:50|spe:65
Quilava,Fire,hp:58|atk:64|def:58|spa:80|spd:65|spe:80
Typhlosion,Fire,hp:78|atk:84|def:78|spa:109|spd:85|spe:100
Typhlosion-Hisui,Fire|Ghost,hp:73|atk:84|def:78|spa:119|spd:85|spe:95
Totodile,Water,hp:50|atk:65|def:64|spa:44|spd:48|spe:43
Croconaw,Water,hp:65|atk:80|def:80|spa:59|spd:63|spe:58
Feraligatr,Water,hp:85|atk:105|def:100|spa:79|spd:83|spe:78
Sentret,Normal,hp:35|atk:46|def:34|spa:35|spd:45|spe:20
Furret,Normal,hp:85|atk:76|def:64|spa:45|spd:55|spe:90
Hoothoot,Normal|Flying,hp:60|atk:30|def:30|spa:36|spd:56|spe:50
Noctowl,Normal|Flying,hp:100|atk:50|def:50|spa:86|spd:96|spe:70
Ledyba,Bug|Flying,hp:40|atk:20|def:30|spa:40|spd:80|spe:55
Ledian,Bug|Flying,hp:55|atk:35|def:50|spa:55|spd:110|spe:85
Spinarak,Bug|Poison,hp:40|atk:60|def:40|spa:40|spd:40|spe:30
Ariados,Bug|Poison,hp:70|atk:90|def:70|spa:60|spd:70|spe:40
Crobat,Poison|Flying,hp:85|atk:90|def:80|spa:70|spd:80|spe:130
Chinchou,Water|Electric,hp:75|atk:38|def:38|spa:56|spd:56|spe:67
Lanturn,Water|Electric,hp:125|atk:58|def:58|spa:76|spd:76|spe:67
Pichu,Electric,hp:20|atk:40|def:15|spa:35|spd:35|spe:60
Pichu-Spiky-eared,Electric,hp:20|atk:40|def:15|spa:35|spd:35|spe:60
Cleffa,Fairy,hp:50|atk:25|def:28|spa:45|spd:55|spe:15
Igglybuff,Normal|Fairy,hp:90|atk:30|def:15|spa:40|spd:20|spe:15
Togepi,Fairy,hp:35|atk:20|def:65|spa:40|spd:65|spe:20
Togetic,Fairy|Flying,hp:55|atk:40|def:85|spa:80|spd:105|spe:40
Natu,Psychic|Flying,hp:40|atk:50|def:45|spa:70|spd:45|spe:70
Xatu,Psychic|Flying,hp:65|atk:75|def:70|spa:95|spd:70|spe:95
Mareep,Electric,hp:55|atk:40|def:40|spa:65|spd:45|spe:35
Flaaffy,Electric,hp:70|atk:55|def:55|spa:80|spd:60|spe:45
Ampharos,Electric,hp:90|atk:75|def:85|spa:115|spd:90|spe:55
Ampharos-Mega,Electric|Dragon,hp:90|atk:95|def:105|spa:165|spd:110|spe:45
Bellossom,Grass,hp:75|atk:80|def:95|spa:90|spd:100|spe:50
Marill,Water|Fairy,hp:70|atk:20|def:50|spa:20|spd:50|spe:40
Azumarill,Water|Fairy,hp:100|atk:50|def:80|spa:60|spd:80|spe:50
Sudowoodo,Rock,hp:70|atk:100|def:115|spa:30|spd:65|spe:30
Politoed,Water,hp:90|atk:75|def:75|spa:90|spd:100|spe:70
Hoppip,Grass|Flying,hp:35|atk:35|def:40|spa:35|spd:55|spe:50
Skiploom,Grass|Flying,hp:55|atk:45|def:50|spa:45|spd:65|spe:80
Jumpluff,Grass|Flying,hp:75|atk:55|def:70|spa:55|spd:95|spe:110
Aipom,Normal,hp:55|atk:70|def:55|spa:40|spd:55|spe:85
Sunkern,Grass,hp:30|atk:30|def:30|spa:30|spd:30|spe:30
Sunflora,Grass,hp:75|atk:75|def:55|spa:105|spd:85|spe:30
Yanma,Bug|Flying,hp:65|atk:65|def:45|spa:75|spd:45|spe:95
Wooper,Water|Ground,hp:55|atk:45|def:45|spa:25|spd:25|spe:15
Wooper-Paldea,Poison|Ground,hp:55|atk:45|def:45|spa:25|spd:25|spe:15
Quagsire,Water|Ground,hp:95|atk:85|def:85|spa:65|spd:65|spe:35
Espeon,Psychic,hp:65|atk:65|def:60|spa:130|spd:95|spe:110
Umbreon,Dark,hp:95|atk:65|def:110|spa:60|spd:130|spe:65
Murkrow,Dark|Flying,hp:60|atk:85|def:42|spa:85|spd:42|spe:91
Slowking,Water|Psychic,hp:95|atk:75|def:80|spa:100|spd:110|spe:30
Slowking-Galar,Poison|Psychic,hp:95|atk:65|def:80|spa:110|spd:110|spe:30
Misdreavus,Ghost,hp:60|atk:60|def:60|spa:85|spd:85|spe:85
Unown,Psychic,hp:48|atk:72|def:48|spa:72|spd:48|spe:48
Wobbuffet,Psychic,hp:190|atk:33|def:58|spa:33|spd:58|spe:33
Girafarig,Normal|Psychic,hp:70|atk:80|def:65|spa:90|spd:65|spe:85
Pineco,Bug,hp:50|atk:65|def:90|spa:35|spd:35|spe:15
Forretress,Bug|Steel,hp:75|atk:90|def:140|spa:60|spd:60|spe:40
Dunsparce,Normal,hp:100|atk:70|def:70|spa:65|spd:65|spe:45
Gligar,Ground|Flying,hp:65|atk:75|def:105|spa:35|spd:65|spe:85
Steelix,Steel|Ground,hp:75|atk:85|def:200|spa:55|spd:65|spe:30
Steelix-Mega,Steel|Ground,hp:75|atk:125|def:230|spa:55|spd:95|spe:30
Snubbull,Fairy,hp:60|atk:80|def:50|spa:40|spd:40|spe:30
Granbull,Fairy,hp:90|atk:120|def:75|spa:60|spd:60|spe:45
Qwilfish,Water|Poison,hp:65|atk:95|def:85|spa:55|spd:55|spe:85
Qwilfish-Hisui,Dark|Poison,hp:65|atk:95|def:85|spa:55|spd:55|spe:85
Scizor,Bug|Steel,hp:70|atk:130|def:100|spa:55|spd:80|spe:65
Scizor-Mega,Bug|Steel,hp:70|atk:150|def:140|spa:65|spd:100|spe:75
Shuckle,Bug|Rock,hp:20|atk:10|def:230|spa:10|spd:230|spe:5
Heracross,Bug|Fighting,hp:80|atk:125|def:75|spa:40|spd:95|spe:85
Heracross-Mega,Bug|Fighting,hp:80|atk:185|def:115|spa:40|spd:105|spe:75
Sneasel,Dark|Ice,hp:55|atk:95|def:55|spa:35|spd:75|spe:115
Sneasel-Hisui,Fighting|Poison,hp:55|atk:95|def:55|spa:35|spd:75|spe:115
Teddiursa,Normal,hp:60|atk:80|def:50|spa:50|spd:50|spe:40
Ursaring,Normal,hp:90|atk:130|def:75|spa:75|spd:75|spe:55
Slugma,Fire,hp:40|atk:40|def:40|spa:70|spd:40|spe:20
Magcargo,Fire|Rock,hp:60|atk:50|def:120|spa:90|spd:80|spe:30
Swinub,Ice|Ground,hp:50|atk:50|def:40|spa:30|spd:30|spe:50
Piloswine,Ice|Ground,hp:100|atk:100|def:80|spa:60|spd:60|spe:50
Corsola,Water|Rock,hp:65|atk:55|def:95|spa:65|spd:95|spe:35
Corsola-Galar,Ghost,hp:60|atk:55|def:100|spa:65|spd:100|spe:30
Remoraid,Water,hp:35|atk:65|def:35|spa:65|spd:35|spe:65
Octillery,Water,hp:75|atk:105|def:75|spa:105|spd:75|spe:45
Delibird,Ice|Flying,hp:45|atk:55|def:45|spa:65|spd:45|spe:75
Mantine,Water|Flying,hp:85|atk:40|def:70|spa:80|spd:140|spe:70
Skarmory,Steel|Flying,hp:65|atk:80|def:140|spa:40|spd:70|spe:70
Houndour,Dark|Fire,hp:45|atk:60|def:30|spa:80|spd:50|spe:65
Houndoom,Dark|Fire,hp:75|atk:90|def:50|spa:110|spd:80|spe:95
Houndoom-Mega,Dark|Fire,hp:75|atk:90|def:90|spa:140|spd:90|spe:115
Kingdra,Water|Dragon,hp:75|atk:95|def:95|spa:95|spd:95|spe:85
Phanpy,Ground,hp:90|atk:60|def:60|spa:40|spd:40|spe:40
Donphan,Ground,hp:90|atk:120|def:120|spa:60|spd:60|spe:50
Porygon2,Normal,hp:85|atk:80|def:90|spa:105|spd:95|spe:60
Stantler,Normal,hp:73|atk:95|def:62|spa:85|spd:65|spe:85
Smeargle,Normal,hp:55|atk:20|def:35|spa:20|spd:45|spe:75
Tyrogue,Fighting,hp:35|atk:35|def:35|spa:35|spd:35|spe:35
Hitmontop,Fighting,hp:50|atk:95|def:95|spa:35|spd:110|spe:70
Smoochum,Ice|Psychic,hp:45|atk:30|def:15|spa:85|spd:65|spe:65
Elekid,Electric,hp:45|atk:63|def:37|spa:65|spd:55|spe:95
Magby,Fire,hp:45|atk:75|def:37|spa:70|spd:55|spe:83
Miltank,Normal,hp:95|atk:80|def:105|spa:40|spd:70|spe:100
Blissey,Normal,hp:255|atk:10|def:10|spa:75|spd:135|spe:55
Raikou,Electric,hp:90|atk:85|def:75|spa:115|spd:100|spe:115
Entei,Fire,hp:115|atk:115|def:85|spa:90|spd:75|spe:100
Suicune,Water,hp:100|atk:75|def:115|spa:90|spd:115|spe:85
Larvitar,Rock|Ground,hp:50|atk:64|def:50|spa:45|spd:50|spe:41
Pupitar,Rock|Ground,hp:70|atk:84|def:70|spa:65|spd:70|spe:51
Tyranitar,Rock|Dark,hp:100|atk:134|def:110|spa:95|spd:100|spe:61
Tyranitar-Mega,Rock|Dark,hp:100|atk:164|def:150|spa:95|spd:120|spe:71
Lugia,Psychic|Flying,hp:106|atk:90|def:130|spa:90|spd:154|spe:110
Ho-Oh,Fire|Flying,hp:106|atk:130|def:90|spa:110|spd:154|spe:90
Celebi,Psychic|Grass,hp:100|atk:100|def:100|spa:100|spd:100|spe:100
Treecko,Grass,hp:40|atk:45|def:35|spa:65|spd:55|spe:70
Grovyle,Grass,hp:50|atk:65|def:45|spa:85|spd:65|spe:95
Sceptile,Grass,hp:70|atk:85|def:65|spa:105|spd:85|spe:120
Sceptile-Mega,Grass|Dragon,hp:70|atk:110|def:75|spa:145|spd:85|spe:145
Torchic,Fire,hp:45|atk:60|def:40|spa:70|spd:50|spe:45
Combusken,Fire|Fighting,hp:60|atk:85|def:60|spa:85|spd:60|spe:55
Blaziken,Fire|Fighting,hp:80|atk:120|def:70|spa:110|spd:70|spe:80
Blaziken-Mega,Fire|Fighting,hp:80|atk:160|def:80|spa:130|spd:80|spe:100
Mudkip,Water,hp:50|atk:70|def:50|spa:50|spd:50|spe:40
Marshtomp,Water|Ground,hp:70|atk:85|def:70|spa:60|spd:70|spe:50
Swampert,Water|Ground,hp:100|atk:110|def:90|spa:85|spd:90|spe:60
Swampert-Mega,Water|Ground,hp:100|atk:150|def:110|spa:95|spd:110|spe:70
Poochyena,Dark,hp:35|atk:55|def:35|spa:30|spd:30|spe:35
Mightyena,Dark,hp:70|atk:90|def:70|spa:60|spd:60|spe:70
Zigzagoon,Normal,hp:38|atk:30|def:41|spa:30|spd:41|spe:60
Zigzagoon-Galar,Dark|Normal,hp:38|atk:30|def:41|spa:30|spd:41|spe:60
Linoone,Normal,hp:78|atk:70|def:61|spa:50|spd:61|spe:100
Linoone-Galar,Dark|Normal,hp:78|atk:70|def:61|spa:50|spd:61|spe:100
Wurmple,Bug,hp:45|atk:45|def:35|spa:20|spd:30|spe:20
Silcoon,Bug,hp:50|atk:35|def:55|spa:25|spd:25|spe:15
Beautifly,Bug|Flying,hp:60|atk:70|def:50|spa:100|spd:50|spe:65
Cascoon,Bug,hp:50|atk:35|def:55|spa:25|spd:25|spe:15
Dustox,Bug|Poison,hp:60|atk:50|def:70|spa:50|spd:90|spe:65
Lotad,Water|Grass,hp:40|atk:30|def:30|spa:40|spd:50|spe:30
Lombre,Water|Grass,hp:60|atk:50|def:50|spa:60|spd:70|spe:50
Ludicolo,Water|Grass,hp:80|atk:70|def:70|spa:90|spd:100|spe:70
Seedot,Grass,hp:40|atk:40|def:50|spa:30|spd:30|spe:30
Nuzleaf,Grass|Dark,hp:70|atk:70|def:40|spa:60|spd:40|spe:60
Shiftry,Grass|Dark,hp:90|atk:100|def:60|spa:90|spd:60|spe:80
Taillow,Normal|Flying,hp:40|atk:55|def:30|spa:30|spd:30|spe:85
Swellow,Normal|Flying,hp:60|atk:85|def:60|spa:75|spd:50|spe:125
Wingull,Water|Flying,hp:40|atk:30|def:30|spa:55|spd:30|spe:85
Pelipper,Water|Flying,hp:60|atk:50|def:100|spa:95|spd:70|spe:65
Ralts,Psychic|Fairy,hp:28|atk:25|def:25|spa:45|spd:35|spe:40
Kirlia,Psychic|Fairy,hp:38|atk:35|def:35|spa:65|spd:55|spe:50
Gardevoir,Psychic|Fairy,hp:68|atk:65|def:65|spa:125|spd:115|spe:80
Gardevoir-Mega,Psychic|Fairy,hp:68|atk:85|def:65|spa:165|spd:135|spe:100
Surskit,Bug|Water,hp:40|atk:30|def:32|spa:50|spd:52|spe:65
Masquerain,Bug|Flying,hp:70|atk:60|def:62|spa:100|spd:82|spe:80
Shroomish,Grass,hp:60|atk:40|def:60|spa:40|spd:60|spe:35
Breloom,Grass|Fighting,hp:60|atk:130|def:80|spa:60|spd:60|spe:70
Slakoth,Normal,hp:60|atk:60|def:60|spa:35|spd:35|spe:30
Vigoroth,Normal,hp:80|atk:80|def:80|spa:55|spd:55|spe:90
Slaking,Normal,hp:150|atk:160|def:100|spa:95|spd:65|spe:100
Nincada,Bug|Ground,hp:31|atk:45|def:90|spa:30|spd:30|spe:40
Ninjask,Bug|Flying,hp:61|atk:90|def:45|spa:50|spd:50|spe:160
Shedinja,Bug|Ghost,hp:1|atk:90|def:45|spa:30|spd:30|spe:40
Whismur,Normal,hp:64|atk:51|def:23|spa:51|spd:23|spe:28
Loudred,Normal,hp:84|atk:71|def:43|spa:71|spd:43|spe:48
Exploud,Normal,hp:104|atk:91|def:63|spa:91|spd:73|spe:68
Makuhita,Fighting,hp:72|atk:60|def:30|spa:20|spd:30|spe:25
Hariyama,Fighting,hp:144|atk:120|def:60|spa:40|spd:60|spe:50
Azurill,Normal|Fairy,hp:50|atk:20|def:40|spa:20|spd:40|spe:20
Nosepass,Rock,hp:30|atk:45|def:135|spa:45|spd:90|spe:30
Skitty,Normal,hp:50|atk:45|def:45|spa:35|spd:35|spe:50
Delcatty,Normal,hp:70|atk:65|def:65|spa:55|spd:55|spe:90
Sableye,Dark|Ghost,hp:50|atk:75|def:75|spa:65|spd:65|spe:50
Sableye-Mega,Dark|Ghost,hp:50|atk:85|def:125|spa:85|spd:115|spe:20
Mawile,Steel|Fairy,hp:50|atk:85|def:85|spa:55|spd:55|spe:50
Mawile-Mega,Steel|Fairy,hp:50|atk:105|def:125|spa:55|spd:95|spe:50
Aron,Steel|Rock,hp:50|atk:70|def:100|spa:40|spd:40|spe:30
Lairon,Steel|Rock,hp:60|atk:90|def:140|spa:50|spd:50|spe:40
Aggron,Steel|Rock,hp:70|atk:110|def:180|spa:60|spd:60|spe:50
Aggron-Mega,Steel,hp:70|atk:140|def:230|spa:60|spd:80|spe:50
Meditite,Fighting|Psychic,hp:30|atk:40|def:55|spa:40|spd:55|spe:60
Medicham,Fighting|Psychic,hp:60|atk:60|def:75|spa:60|spd:75|spe:80
Medicham-Mega,Fighting|Psychic,hp:60|atk:100|def:85|spa:80|spd:85|spe:100
Electrike,Electric,hp:40|atk:45|def:40|spa:65|spd:40|spe:65
Manectric,Electric,hp:70|atk:75|def:60|spa:105|spd:60|spe:105
Manectric-Mega,Electric,hp:70|atk:75|def:80|spa:135|spd:80|spe:135
Plusle,Electric,hp:60|atk:50|def:40|spa:85|spd:75|spe:95
Minun,Electric,hp:60|atk:40|def:50|spa:75|spd:85|spe:95
Volbeat,Bug,hp:65|atk:73|def:75|spa:47|spd:85|spe:85
Illumise,Bug,hp:65|atk:47|def:75|spa:73|spd:85|spe:85
Roselia,Grass|Poison,hp:50|atk:60|def:45|spa:100|spd:80|spe:65
Gulpin,Poison,hp:70|atk:43|def:53|spa:43|spd:53|spe:40
Swalot,Poison,hp:100|atk:73|def:83|spa:73|spd:83|spe:55
Carvanha,Water|Dark,hp:45|atk:90|def:20|spa:65|spd:20|spe:65
Sharpedo,Water|Dark,hp:70|atk:120|def:40|spa:95|spd:40|spe:95
Sharpedo-Mega,Water|Dark,hp:70|atk:140|def:70|spa:110|spd:65|spe:105
Wailmer,Water,hp:130|atk:70|def:35|spa:70|spd:35|spe:60
Wailord,Water,hp:170|atk:90|def:45|spa:90|spd:45|spe:60
Numel,Fire|Ground,hp:60|atk:60|def:40|spa:65|spd:45|spe:35
Camerupt,Fire|Ground,hp:70|atk:100|def:70|spa:105|spd:75|spe:40
Camerupt-Mega,Fire|Ground,hp:70|atk:120|def:100|spa:145|spd:105|spe:20
Torkoal,Fire,hp:70|atk:85|def:140|spa:85|spd:70|spe:20
Spoink,Psychic,hp:60|atk:25|def:35|spa:70|spd:80|spe:60
Grumpig,Psychic,hp:80|atk:45|def:65|spa:90|spd:110|spe:80
Spinda,Normal,hp:60|atk:60|def:60|spa:60|spd:60|spe:60
Trapinch,Ground,hp:45|atk:100|def:45|spa:45|spd:45|spe:10
Vibrava,Ground|Dragon,hp:50|atk:70|def:50|spa:50|spd:50|spe:70
Flygon,Ground|Dragon,hp:80|atk:100|def:80|spa:80|spd:80|spe:100
Cacnea,Grass,hp:50|atk:85|def:40|spa:85|spd:40|spe:35
Cacturne,Grass|Dark,hp:70|atk:115|def:60|spa:115|spd:60|spe:55
Swablu,Normal|Flying,hp:45|atk:40|def:60|spa:40|spd:75|spe:50
Altaria,Dragon|Flying,hp:75|atk:70|def:90|spa:70|spd:105|spe:80
Altaria-Mega,Dragon|Fairy,hp:75|atk:110|def:110|spa:110|spd:105|spe:80
Zangoose,Normal,hp:73|atk:115|def:60|spa:60|spd:60|spe:90
Seviper,Poison,hp:73|atk:100|def:60|spa:100|spd:60|spe:65
Lunatone,Rock|Psychic,hp:90|atk:55|def:65|spa:95|spd:85|spe:70
Solrock,Rock|Psychic,hp:90|atk:95|def:85|spa:55|spd:65|spe:70
Barboach,Water|Ground,hp:50|atk:48|def:43|spa:46|spd:41|spe:60
Whiscash,Water|Ground,hp:110|atk:78|def:73|spa:76|spd:71|spe:60
Corphish,Water,hp:43|atk:80|def:65|spa:50|spd:35|spe:35
Crawdaunt,Water|Dark,hp:63|atk:120|def:85|spa:90|spd:55|spe:55
Baltoy,Ground|Psychic,hp:40|atk:40|def:55|spa:40|spd:70|spe:55
Claydol,Ground|Psychic,hp:60|atk:70|def:105|spa:70|spd:120|spe:75
Lileep,Rock|Grass,hp:66|atk:41|def:77|spa:61|spd:87|spe:23
Cradily,Rock|Grass,hp:86|atk:81|def:97|spa:81|spd:107|spe:43
Anorith,Rock|Bug,hp:45|atk:95|def:50|spa:40|spd:50|spe:75
Armaldo,Rock|Bug,hp:75|atk:125|def:100|spa:70|spd:80|spe:45
Feebas,Water,hp:20|atk:15|def:20|spa:10|spd:55|spe:80
Milotic,Water,hp:95|atk:60|def:79|spa:100|spd:125|spe:81
Castform,Normal,hp:70|atk:70|def:70|spa:70|spd:70|spe:70
Castform-Sunny,Fire,hp:70|atk:70|def:70|spa:70|spd:70|spe:70
Castform-Rainy,Water,hp:70|atk:70|def:70|spa:70|spd:70|spe:70
Castform-Snowy,Ice,hp:70|atk:70|def:70|spa:70|spd:70|spe:70
Kecleon,Normal,hp:60|atk:90|def:70|spa:60|spd:120|spe:40
Shuppet,Ghost,hp:44|atk:75|def:35|spa:63|spd:33|spe:45
Banette,Ghost,hp:64|atk:115|def:65|spa:83|spd:63|spe:65
Banette-Mega,Ghost,hp:64|atk:165|def:75|spa:93|spd:83|spe:75
Duskull,Ghost,hp:20|atk:40|def:90|spa:30|spd:90|spe:25
Dusclops,Ghost,hp:40|atk:70|def:130|spa:60|spd:130|spe:25
Tropius,Grass|Flying,hp:99|atk:68|def:83|spa:72|spd:87|spe:51
Chimecho,Psychic,hp:75|atk:50|def:80|spa:95|spd:90|spe:65
Absol,Dark,hp:65|atk:130|def:60|spa:75|spd:60|spe:75
Absol-Mega,Dark,hp:65|atk:150|def:60|spa:115|spd:60|spe:115
Wynaut,Psychic,hp:95|atk:23|def:48|spa:23|spd:48|spe:23
Snorunt,Ice,hp:50|atk:50|def:50|spa:50|spd:50|spe:50
Glalie,Ice,hp:80|atk:80|def:80|spa:80|spd:80|spe:80
Glalie-Mega,Ice,hp:80|atk:120|def:80|spa:120|spd:80|spe:100
Spheal,Ice|Water,hp:70|atk:40|def:50|spa:55|spd:50|spe:25
Sealeo,Ice|Water,hp:90|atk:60|def:70|spa:75|spd:70|spe:45
Walrein,Ice|Water,hp:110|atk:80|def:90|spa:95|spd:90|spe:65
Clamperl,Water,hp:35|atk:64|def:85|spa:74|spd:55|spe:32
Huntail,Water,hp:55|atk:104|def:105|spa:94|spd:75|spe:52
Gorebyss,Water,hp:55|atk:84|def:105|spa:114|spd:75|spe:52
Relicanth,Water|Rock,hp:100|atk:90|def:130|spa:45|spd:65|spe:55
Luvdisc,Water,hp:43|atk:30|def:55|spa:40|spd:65|spe:97
Bagon,Dragon,hp:45|atk:75|def:60|spa:40|spd:30|spe:50
Shelgon,Dragon,hp:65|atk:95|def:100|spa:60|spd:50|spe:50
Salamence,Dragon|Flying,hp:95|atk:135|def:80|spa:110|spd:80|spe:100
Salamence-Mega,Dragon|Flying,hp:95|atk:145|def:130|spa:120|spd:90|spe:120
Beldum,Steel|Psychic,hp:40|atk:55|def:80|spa:35|spd:60|spe:30
Metang,Steel|Psychic,hp:60|atk:75|def:100|spa:55|spd:80|spe:50
Metagross,Steel|Psychic,hp:80|atk:135|def:130|spa:95|spd:90|spe:70
Metagross-Mega,Steel|Psychic,hp:80|atk:145|def:150|spa:105|spd:110|spe:110
Regirock,Rock,hp:80|atk:100|def:200|spa:50|spd:100|spe:50
Regice,Ice,hp:80|atk:50|def:100|spa:100|spd:200|spe:50
Registeel,Steel,hp:80|atk:75|def:150|spa:75|spd:150|spe:50
Latias,Dragon|Psychic,hp:80|atk:80|def:90|spa:110|spd:130|spe:110
Latias-Mega,Dragon|Psychic,hp:80|atk:100|def:120|spa:140|spd:150|spe:110
Latios,Dragon|Psychic,hp:80|atk:90|def:80|spa:130|spd:110|spe:110
Latios-Mega,Dragon|Psychic,hp:80|atk:130|def:100|spa:160|spd:120|spe:110
Kyogre,Water,hp:100|atk:100|def:90|spa:150|spd:140|spe:90
Kyogre-Primal,Water,hp:100|atk:150|def:90|spa:180|spd:160|spe:90
Groudon,Ground,hp:100|atk:150|def:140|spa:100|spd:90|spe:90
Groudon-Primal,Ground|Fire,hp:100|atk:180|def:160|spa:150|spd:90|spe:90
Rayquaza,Dragon|Flying,hp:105|atk:150|def:90|spa:150|spd:90|spe:95
Rayquaza-Mega,Dragon|Flying,hp:105|atk:180|def:100|spa:180|spd:100|spe:115
Jirachi,Steel|Psychic,hp:100|atk:100|def:100|spa:100|spd:100|spe:100
Deoxys,Psychic,hp:50|atk:150|def:50|spa:150|spd:50|spe:150
Deoxys-Attack,Psychic,hp:50|atk:180|def:20|spa:180|spd:20|spe:150
Deoxys-Defense,Psychic,hp:50|atk:70|def:160|spa:70|spd:160|spe:90
Deoxys-Speed,Psychic,hp:50|atk:95|def:90|spa:95|spd:90|spe:180
Turtwig,Grass,hp:55|atk:68|def:64|spa:45|spd:55|spe:31
Grotle,Grass,hp:75|atk:89|def:85|spa:55|spd:65|spe:36
Torterra,Grass|Ground,hp:95|atk:109|def:105|spa:75|spd:85|spe:56
Chimchar,Fire,hp:44|atk:58|def:44|spa:58|spd:44|spe:61
Monferno,Fire|Fighting,hp:64|atk:78|def:52|spa:78|spd:52|spe:81
Infernape,Fire|Fighting,hp:76|atk:104|def:71|spa:104|spd:71|spe:108
Piplup,Water,hp:53|atk:51|def:53|spa:61|spd:56|spe:40
Prinplup,Water,hp:64|atk:66|def:68|spa:81|spd:76|spe:50
Empoleon,Water|Steel,hp:84|atk:86|def:88|spa:111|spd:101|spe:60
Starly,Normal|Flying,hp:40|atk:55|def:30|spa:30|spd:30|spe:60
Staravia,Normal|Flying,hp:55|atk:75|def:50|spa:40|spd:40|spe:80
Staraptor,Normal|Flying,hp:85|atk:120|def:70|spa:50|spd:60|spe:100
Bidoof,Normal,hp:59|atk:45|def:40|spa:35|spd:40|spe:31
Bibarel,Normal|Water,hp:79|atk:85|def:60|spa:55|spd:60|spe:71
Kricketot,Bug,hp:37|atk:25|def:41|spa:25|spd:41|spe:25
Kricketune,Bug,hp:77|atk:85|def:51|spa:55|spd:51|spe:65
Shinx,Electric,hp:45|atk:65|def:34|spa:40|spd:34|spe:45
Luxio,Electric,hp:60|atk:85|def:49|spa:60|spd:49|spe:60
Luxray,Electric,hp:80|atk:120|def:79|spa:95|spd:79|spe:70
Budew,Grass|Poison,hp:40|atk:30|def:35|spa:50|spd:70|spe:55
Roserade,Grass|Poison,hp:60|atk:70|def:65|spa:125|spd:105|spe:90
Cranidos,Rock,hp:67|atk:125|def:40|spa:30|spd:30|spe:58
Rampardos,Rock,hp:97|atk:165|def:60|spa:65|spd:50|spe:58
Shieldon,Rock|Steel,hp:30|atk:42|def:118|spa:42|spd:88|spe:30
Bastiodon,Rock|Steel,hp:60|atk:52|def:168|spa:47|spd:138|spe:30
Burmy,Bug,hp:40|atk:29|def:45|spa:29|spd:45|spe:36
Wormadam,Bug|Grass,hp:60|atk:59|def:85|spa:79|spd:105|spe:36
Wormadam-Sandy,Bug|Ground,hp:60|atk:79|def:105|spa:59|spd:85|spe:36
Wormadam-Trash,Bug|Steel,hp:60|atk:69|def:95|spa:69|spd:95|spe:36
Mothim,Bug|Flying,hp:70|atk:94|def:50|spa:94|spd:50|spe:66
Combee,Bug|Flying,hp:30|atk:30|def:42|spa:30|spd:42|spe:70
Vespiquen,Bug|Flying,hp:70|atk:80|def:102|spa:80|spd:102|spe:40
Pachirisu,Electric,hp:60|atk:45|def:70|spa:45|spd:90|spe:95
Buizel,Water,hp:55|atk:65|def:35|spa:60|spd:30|spe:85
Floatzel,Water,hp:85|atk:105|def:55|spa:85|spd:50|spe:115
Cherubi,Grass,hp:45|atk:35|def:45|spa:62|spd:53|spe:35
Cherrim,Grass,hp:70|atk:60|def:70|spa:87|spd:78|spe:85
Cherrim-Sunshine,Grass,hp:70|atk:60|def:70|spa:87|spd:78|spe:85
Shellos,Water,hp:76|atk:48|def:48|spa:57|spd:62|spe:34
Gastrodon,Water|Ground,hp:111|atk:83|def:68|spa:92|spd:82|spe:39
Ambipom,Normal,hp:75|atk:100|def:66|spa:60|spd:66|spe:115
Drifloon,Ghost|Flying,hp:90|atk:50|def:34|spa:60|spd:44|spe:70
Drifblim,Ghost|Flying,hp:150|atk:80|def:44|spa:90|spd:54|spe:80
Buneary,Normal,hp:55|atk:66|def:44|spa:44|spd:56|spe:85
Lopunny,Normal,hp:65|atk:76|def:84|spa:54|spd:96|spe:105
Lopunny-Mega,Normal|Fighting,hp:65|atk:136|def:94|spa:54|spd:96|spe:135
Mismagius,Ghost,hp:60|atk:60|def:60|spa:105|spd:105|spe:105
Honchkrow,Dark|Flying,hp:100|atk:125|def:52|spa:105|spd:52|spe:71
Glameow,Normal,hp:49|atk:55|def:42|spa:42|spd:37|spe:85
Purugly,Normal,hp:71|atk:82|def:64|spa:64|spd:59|spe:112
Chingling,Psychic,hp:45|atk:30|def:50|spa:65|spd:50|spe:45
Stunky,Poison|Dark,hp:63|atk:63|def:47|spa:41|spd:41|spe:74
Skuntank,Poison|Dark,hp:103|atk:93|def:67|spa:71|spd:61|spe:84
Bronzor,Steel|Psychic,hp:57|atk:24|def:86|spa:24|spd:86|spe:23
Bronzong,Steel|Psychic,hp:67|atk:89|def:116|spa:79|spd:116|spe:33
Bonsly,Rock,hp:50|atk:80|def:95|spa:10|spd:45|spe:10
Mime Jr.,Psychic|Fairy,hp:20|atk:25|def:45|spa:70|spd:90|spe:60
Happiny,Normal,hp:100|atk:5|def:5|spa:15|spd:65|spe:30
Chatot,Normal|Flying,hp:76|atk:65|def:45|spa:92|spd:42|spe:91
Spiritomb,Ghost|Dark,hp:50|atk:92|def:108|spa:92|spd:108|spe:35
Gible,Dragon|Ground,hp:58|atk:70|def:45|spa:40|spd:45|spe:42
Gabite,Dragon|Ground,hp:68|atk:90|def:65|spa:50|spd:55|spe:82
Garchomp,Dragon|Ground,hp:108|atk:130|def:95|spa:80|spd:85|spe:102
Garchomp-Mega,Dragon|Ground,hp:108|atk:170|def:115|spa:120|spd:95|spe:92
Munchlax,Normal,hp:135|atk:85|def:40|spa:40|spd:85|spe:5
Riolu,Fighting,hp:40|atk:70|def:40|spa:35|spd:40|spe:60
Lucario,Fighting|Steel,hp:70|atk:110|def:70|spa:115|spd:70|spe:90
Lucario-Mega,Fighting|Steel,hp:70|atk:145|def:88|spa:140|spd:70|spe:112
Hippopotas,Ground,hp:68|atk:72|def:78|spa:38|spd:42|spe:32
Hippowdon,Ground,hp:108|atk:112|def:118|spa:68|spd:72|spe:47
Skorupi,Poison|Bug,hp:40|atk:50|def:90|spa:30|spd:55|spe:65
Drapion,Poison|Dark,hp:70|atk:90|def:110|spa:60|spd:75|spe:95
Croagunk,Poison|Fighting,hp:48|atk:61|def:40|spa:61|spd:40|spe:50
Toxicroak,Poison|Fighting,hp:83|atk:106|def:65|spa:86|spd:65|spe:85
Carnivine,Grass,hp:74|atk:100|def:72|spa:90|spd:72|spe:46
Finneon,Water,hp:49|atk:49|def:56|spa:49|spd:61|spe:66
Lumineon,Water,hp:69|atk:69|def:76|spa:69|spd:86|spe:91
Mantyke,Water|Flying,hp:45|atk:20|def:50|spa:60|spd:120|spe:50
Snover,Grass|Ice,hp:60|atk:62|def:50|spa:62|spd:60|spe:40
Abomasnow,Grass|Ice,hp:90|atk:92|def:75|spa:92|spd:85|spe:60
Abomasnow-Mega,Grass|Ice,hp:90|atk:132|def:105|spa:132|spd:105|spe:30
Weavile,Dark|Ice,hp:70|atk:120|def:65|spa:45|spd:85|spe:125
Magnezone,Electric|Steel,hp:70|atk:70|def:115|spa:130|spd:90|spe:60
Lickilicky,Normal,hp:110|atk:85|def:95|spa:80|spd:95|spe:50
Rhyperior,Ground|Rock,hp:115|atk:140|def:130|spa:55|spd:55|spe:40
Tangrowth,Grass,hp:100|atk:100|def:125|spa:110|spd:50|spe:50
Electivire,Electric,hp:75|atk:123|def:67|spa:95|spd:85|spe:95
Magmortar,Fire,hp:75|atk:95|def:67|spa:125|spd:95|spe:83
Togekiss,Fairy|Flying,hp:85|atk:50|def:95|spa:120|spd:115|spe:80
Yanmega,Bug|Flying,hp:86|atk:76|def:86|spa:116|spd:56|spe:95
Leafeon,Grass,hp:65|atk:110|def:130|spa:60|spd:65|spe:95
Glaceon,Ice,hp:65|atk:60|def:110|spa:130|spd:95|spe:65
Gliscor,Ground|Flying,hp:75|atk:95|def:125|spa:45|spd:75|spe:95
Mamoswine,Ice|Ground,hp:110|atk:130|def:80|spa:70|spd:60|spe:80
Porygon-Z,Normal,hp:85|atk:80|def:70|spa:135|spd:75|spe:90
Gallade,Psychic|Fighting,hp:68|atk:125|def:65|spa:65|spd:115|spe:80
Gallade-Mega,Psychic|Fighting,hp:68|atk:165|def:95|spa:65|spd:115|spe:110
Probopass,Rock|Steel,hp:60|atk:55|def:145|spa:75|spd:150|spe:40
Dusknoir,Ghost,hp:45|atk:100|def:135|spa:65|spd:135|spe:45
Froslass,Ice|Ghost,hp:70|atk:80|def:70|spa:80|spd:70|spe:110
Rotom,Electric|Ghost,hp:50|atk:50|def:77|spa:95|spd:77|spe:91
Rotom-Heat,Electric|Fire,hp:50|atk:65|def:107|spa:105|spd:107|spe:86
Rotom-Wash,Electric|Water,hp:50|atk:65|def:107|spa:105|spd:107|spe:86
Rotom-Frost,Electric|Ice,hp:50|atk:65|def:107|spa:105|spd:107|spe:86
Rotom-Fan,Electric|Flying,hp:50|atk:65|def:107|spa:105|spd:107|spe:86
Rotom-Mow,Electric|Grass,hp:50|atk:65|def:107|spa:105|spd:107|spe:86
Uxie,Psychic,hp:75|atk:75|def:130|spa:75|spd:130|spe:95
Mesprit,Psychic,hp:80|atk:105|def:105|spa:105|spd:105|spe:80
Azelf,Psychic,hp:75|atk:125|def:70|spa:125|spd:70|spe:115
Dialga,Steel|Dragon,hp:100|atk:120|def:120|spa:150|spd:100|spe:90
Dialga-Origin,Steel|Dragon,hp:100|atk:100|def:120|spa:150|spd:120|spe:90
Palkia,Water|Dragon,hp:90|atk:120|def:100|spa:150|spd:120|spe:100
Palkia-Origin,Water|Dragon,hp:90|atk:100|def:100|spa:150|spd:120|spe:120
Heatran,Fire|Steel,hp:91|atk:90|def:106|spa:130|spd:106|spe:77
Regigigas,Normal,hp:110|atk:160|def:110|spa:80|spd:110|spe:100
Giratina,Ghost|Dragon,hp:150|atk:100|def:120|spa:100|spd:120|spe:90
Giratina-Origin,Ghost|Dragon,hp:150|atk:120|def:100|spa:120|spd:100|spe:90
Cresselia,Psychic,hp:120|atk:70|def:110|spa:75|spd:120|spe:85
Phione,Water,hp:80|atk:80|def:80|spa:80|spd:80|spe:80
Manaphy,Water,hp:100|atk:100|def:100|spa:100|spd:100|spe:100
Darkrai,Dark,hp:70|atk:90|def:90|spa:135|spd:90|spe:125
Shaymin,Grass,hp:100|atk:100|def:100|spa:100|spd:100|spe:100
Shaymin-Sky,Grass|Flying,hp:100|atk:103|def:75|spa:120|spd:75|spe:127
Arceus,Normal,hp:120|atk:120|def:120|spa:120|spd:120|spe:120
Arceus-Bug,Bug,hp:120|atk:120|def:120|spa:120|spd:120|spe:120
Arceus-Dark,Dark,hp:120|atk:120|def:120|spa:120|spd:120|spe:120
Arceus-Dragon,Dragon,hp:120|atk:120|def:120|spa:120|spd:120|spe:120
Arceus-Electric,Electric,hp:120|atk:120|def:120|spa:120|spd:120|spe:120
Arceus-Fairy,Fairy,hp:120|atk:120|def:120|spa:120|spd:120|spe:120
Arceus-Fighting,Fighting,hp:120|atk:120|def:120|spa:120|spd:120|spe:120
Arceus-Fire,Fire,hp:120|atk:120|def:120|spa:120|spd:120|spe:120
Arceus-Flying,Flying,hp:120|atk:120|def:120|spa:120|spd:120|spe:120
Arceus-Ghost,Ghost,hp:120|atk:120|def:120|spa:120|spd:120|spe:120
Arceus-Grass,Grass,hp:120|atk:120|def:120|spa:120|spd:120|spe:120
Arceus-Ground,Ground,hp:120|atk:120|def:120|spa:120|spd:120|spe:120
Arceus-Ice,Ice,hp:120|atk:120|def:120|spa:120|spd:120|spe:120
Arceus-Poison,Poison,hp:120|atk:120|def:120|spa:120|spd:120|spe:120
Arceus-Psychic,Psychic,hp:120|atk:120|def:120|spa:120|spd:120|spe:120
Arceus-Rock,Rock,hp:120|atk:120|def:120|spa:120|spd:120|spe:120
Arceus-Steel,Steel,hp:120|atk:120|def:120|spa:120|spd:120|spe:120
Arceus-Water,Water,hp:120|atk:120|def:120|spa:120|spd:120|spe:120
Victini,Psychic|Fire,hp:100|atk:100|def:100|spa:100|spd:100|spe:100
Snivy,Grass,hp:45|atk:45|def:55|spa:45|spd:55|spe:63
Servine,Grass,hp:60|atk:60|def:75|spa:60|spd:75|spe:83
Serperior,Grass,hp:75|atk:75|def:95|spa:75|spd:95|spe:113
Tepig,Fire,hp:65|atk:63|def:45|spa:45|spd:45|spe:45
Pignite,Fire|Fighting,hp:90|atk:93|def:55|spa:70|spd:55|spe:55
Emboar,Fire|Fighting,hp:110|atk:123|def:65|spa:100|spd:65|spe:65
Oshawott,Water,hp:55|atk:55|def:45|spa:63|spd:45|spe:45
Dewott,Water,hp:75|atk:75|def:60|spa:83|spd:60|spe:60
Samurott,Water,hp:95|atk:100|def:85|spa:108|spd:70|spe:70
Samurott-Hisui,Water|Dark,hp:90|atk:108|def:80|spa:100|spd:65|spe:85
Patrat,Normal,hp:45|atk:55|def:39|spa:35|spd:39|spe:42
Watchog,Normal,hp:60|atk:85|def:69|spa:60|spd:69|spe:77
Lillipup,Normal,hp:45|atk:60|def:45|spa:25|spd:45|spe:55
Herdier,Normal,hp:65|atk:80|def:65|spa:35|spd:65|spe:60
Stoutland,Normal,hp:85|atk:110|def:90|spa:45|spd:90|spe:80
Purrloin,Dark,hp:41|atk:50|def:37|spa:50|spd:37|spe:66
Liepard,Dark,hp:64|atk:88|def:50|spa:88|spd:50|spe:106
Pansage,Grass,hp:50|atk:53|def:48|spa:53|spd:48|spe:64
Simisage,Grass,hp:75|atk:98|def:63|spa:98|spd:63|spe:101
Pansear,Fire,hp:50|atk:53|def:48|spa:53|spd:48|spe:64
Simisear,Fire,hp:75|atk:98|def:63|spa:98|spd:63|spe:101
Panpour,Water,hp:50|atk:53|def:48|spa:53|spd:48|spe:64
Simipour,Water,hp:75|atk:98|def:63|spa:98|spd:63|spe:101
Munna,Psychic,hp:76|atk:25|def:45|spa:67|spd:55|spe:24
Musharna,Psychic,hp:116|atk:55|def:85|spa:107|spd:95|spe:29
Pidove,Normal|Flying,hp:50|atk:55|def:50|spa:36|spd:30|spe:43
Tranquill,Normal|Flying,hp:62|atk:77|def:62|spa:50|spd:42|spe:65
Unfezant,Normal|Flying,hp:80|atk:115|def:80|spa:65|spd:55|spe:93
Blitzle,Electric,hp:45|atk:60|def:32|spa:50|spd:32|spe:76
Zebstrika,Electric,hp:75|atk:100|def:63|spa:80|spd:63|spe:116
Roggenrola,Rock,hp:55|atk:75|def:85|spa:25|spd:25|spe:15
Boldore,Rock,hp:70|atk:105|def:105|spa:50|spd:40|spe:20
Gigalith,Rock,hp:85|atk:135|def:130|spa:60|spd:80|spe:25
Woobat,Psychic|Flying,hp:65|atk:45|def:43|spa:55|spd:43|spe:72
Swoobat,Psychic|Flying,hp:67|atk:57|def:55|spa:77|spd:55|spe:114
Drilbur,Ground,hp:60|atk:85|def:40|spa:30|spd:45|spe:68
Excadrill,Ground|Steel,hp:110|atk:135|def:60|spa:50|spd:65|spe:88
Audino,Normal,hp:103|atk:60|def:86|spa:60|spd:86|spe:50
Audino-Mega,Normal|Fairy,hp:103|atk:60|def:126|spa:80|spd:126|spe:50
Timburr,Fighting,hp:75|atk:80|def:55|spa:25|spd:35|spe:35
Gurdurr,Fighting,hp:85|atk:105|def:85|spa:40|spd:50|spe:40
Conkeldurr,Fighting,hp:105|atk:140|def:95|spa:55|spd:65|spe:45
Tympole,Water,hp:50|atk:50|def:40|spa:50|spd:40|spe:64
Palpitoad,Water|Ground,hp:75|atk:65|def:55|spa:65|spd:55|spe:69
Seismitoad,Water|Ground,hp:105|atk:95|def:75|spa:85|spd:75|spe:74
Throh,Fighting,hp:120|atk:100|def:85|spa:30|spd:85|spe:45
Sawk,Fighting,hp:75|atk:125|def:75|spa:30|spd:75|spe:85
Sewaddle,Bug|Grass,hp:45|atk:53|def:70|spa:40|spd:60|spe:42
Swadloon,Bug|Grass,hp:55|atk:63|def:90|spa:50|spd:80|spe:42
Leavanny,Bug|Grass,hp:75|atk:103|def:80|spa:70|spd:80|spe:92
Venipede,Bug|Poison,hp:30|atk:45|def:59|spa:30|spd:39|spe:57
Whirlipede,Bug|Poison,hp:40|atk:55|def:99|spa:40|spd:79|spe:47
Scolipede,Bug|Poison,hp:60|atk:100|def:89|spa:55|spd:69|spe:112
Cottonee,Grass|Fairy,hp:40|atk:27|def:60|spa:37|spd:50|spe:66
Whimsicott,Grass|Fairy,hp:60|atk:67|def:85|spa:77|spd:75|spe:116
Petilil,Grass,hp:45|atk:35|def:50|spa:70|spd:50|spe:30
Lilligant,Grass,hp:70|atk:60|def:75|spa:110|spd:75|spe:90
Lilligant-Hisui,Grass|Fighting,hp:70|atk:105|def:75|spa:50|spd:75|spe:105
Basculin,Water,hp:70|atk:92|def:65|spa:80|spd:55|spe:98
Basculin-Blue-Striped,Water,hp:70|atk:92|def:65|spa:80|spd:55|spe:98
Basculin-White-Striped,Water,hp:70|atk:92|def:65|spa:80|spd:55|spe:98
Sandile,Ground|Dark,hp:50|atk:72|def:35|spa:35|spd:35|spe:65
Krokorok,Ground|Dark,hp:60|atk:82|def:45|spa:45|spd:45|spe:74
Krookodile,Ground|Dark,hp:95|atk:117|def:80|spa:65|spd:70|spe:92
Darumaka,Fire,hp:70|atk:90|def:45|spa:15|spd:45|spe:50
Darumaka-Galar,Ice,hp:70|atk:90|def:45|spa:15|spd:45|spe:50
Darmanitan,Fire,hp:105|atk:140|def:55|spa:30|spd:55|spe:95
Darmanitan-Zen,Fire|Psychic,hp:105|atk:30|def:105|spa:140|spd:105|spe:55
Darmanitan-Galar,Ice,hp:105|atk:140|def:55|spa:30|spd:55|spe:95
Darmanitan-Galar-Zen,Ice|Fire,hp:105|atk:160|def:55|spa:30|spd:55|spe:135
Maractus,Grass,hp:75|atk:86|def:67|spa:106|spd:67|spe:60
Dwebble,Bug|Rock,hp:50|atk:65|def:85|spa:35|spd:35|spe:55
Crustle,Bug|Rock,hp:70|atk:105|def:125|spa:65|spd:75|spe:45
Scraggy,Dark|Fighting,hp:50|atk:75|def:70|spa:35|spd:70|spe:48
Scrafty,Dark|Fighting,hp:65|atk:90|def:115|spa:45|spd:115|spe:58
Sigilyph,Psychic|Flying,hp:72|atk:58|def:80|spa:103|spd:80|spe:97
Yamask,Ghost,hp:38|atk:30|def:85|spa:55|spd:65|spe:30
Yamask-Galar,Ground|Ghost,hp:38|atk:55|def:85|spa:30|spd:65|spe:30
Cofagrigus,Ghost,hp:58|atk:50|def:145|spa:95|spd:105|spe:30
Tirtouga,Water|Rock,hp:54|atk:78|def:103|spa:53|spd:45|spe:22
Carracosta,Water|Rock,hp:74|atk:108|def:133|spa:83|spd:65|spe:32
Archen,Rock|Flying,hp:55|atk:112|def:45|spa:74|spd:45|spe:70
Archeops,Rock|Flying,hp:75|atk:140|def:65|spa:112|spd:65|spe:110
Trubbish,Poison,hp:50|atk:50|def:62|spa:40|spd:62|spe:65
Garbodor,Poison,hp:80|atk:95|def:82|spa:60|spd:82|spe:75
Garbodor-Gmax,Poison,hp:80|atk:95|def:82|spa:60|spd:82|spe:75
Zorua,Dark,hp:40|atk:65|def:40|spa:80|spd:40|spe:65
Zorua-Hisui,Normal|Ghost,hp:35|atk:60|def:40|spa:85|spd:40|spe:70
Zoroark,Dark,hp:60|atk:105|def:60|spa:120|spd:60|spe:105
Zoroark-Hisui,Normal|Ghost,hp:60|atk:105|def:60|spa:120|spd:60|spe:105
Minccino,Normal,hp:55|atk:50|def:40|spa:40|spd:40|spe:75
Cinccino,Normal,hp:75|atk:95|def:60|spa:65|spd:60|spe:115
Gothita,Psychic,hp:45|atk:30|def:50|spa:55|spd:65|spe:45
Gothorita,Psychic,hp:60|atk:45|def:70|spa:75|spd:85|spe:55
Gothitelle,Psychic,hp:70|atk:55|def:95|spa:95|spd:110|spe:65
Solosis,Psychic,hp:45|atk:30|def:40|spa:105|spd:50|spe:20
Duosion,Psychic,hp:65|atk:40|def:50|spa:125|spd:60|spe:30
Reuniclus,Psychic,hp:110|atk:65|def:75|spa:125|spd:85|spe:30
Ducklett,Water|Flying,hp:62|atk:44|def:50|spa:44|spd:50|spe:55
Swanna,Water|Flying,hp:75|atk:87|def:63|spa:87|spd:63|spe:98
Vanillite,Ice,hp:36|atk:50|def:50|spa:65|spd:60|spe:44
Vanillish,Ice,hp:51|atk:65|def:65|spa:80|spd:75|spe:59
Vanilluxe,Ice,hp:71|atk:95|def:85|spa:110|spd:95|spe:79
Deerling,Normal|Grass,hp:60|atk:60|def:50|spa:40|spd:50|spe:75
Sawsbuck,Normal|Grass,hp:80|atk:100|def:70|spa:60|spd:70|spe:95
Emolga,Electric|Flying,hp:55|atk:75|def:60|spa:75|spd:60|spe:103
Karrablast,Bug,hp:50|atk:75|def:45|spa:40|spd:45|spe:60
Escavalier,Bug|Steel,hp:70|atk:135|def:105|spa:60|spd:105|spe:20
Foongus,Grass|Poison,hp:69|atk:55|def:45|spa:55|spd:55|spe:15
Amoonguss,Grass|Poison,hp:114|atk:85|def:70|spa:85|spd:80|spe:30
Frillish,Water|Ghost,hp:55|atk:40|def:50|spa:65|spd:85|spe:40
Jellicent,Water|Ghost,hp:100|atk:60|def:70|spa:85|spd:105|spe:60
Alomomola,Water,hp:165|atk:75|def:80|spa:40|spd:45|spe:65
Joltik,Bug|Electric,hp:50|atk:47|def:50|spa:57|spd:50|spe:65
Galvantula,Bug|Electric,hp:70|atk:77|def:60|spa:97|spd:60|spe:108
Ferroseed,Grass|Steel,hp:44|atk:50|def:91|spa:24|spd:86|spe:10
Ferrothorn,Grass|Steel,hp:74|atk:94|def:131|spa:54|spd:116|spe:20
Klink,Steel,hp:40|atk:55|def:70|spa:45|spd:60|spe:30
Klang,Steel,hp:60|atk:80|def:95|spa:70|spd:85|spe:50
Klinklang,Steel,hp:60|atk:100|def:115|spa:70|spd:85|spe:90
Tynamo,Electric,hp:35|atk:55|def:40|spa:45|spd:40|spe:60
Eelektrik,Electric,hp:65|atk:85|def:70|spa:75|spd:70|spe:40
Eelektross,Electric,hp:85|atk:115|def:80|spa:105|spd:80|spe:50
Elgyem,Psychic,hp:55|atk:55|def:55|spa:85|spd:55|spe:30
Beheeyem,Psychic,hp:75|atk:75|def:75|spa:125|spd:95|spe:40
Litwick,Ghost|Fire,hp:50|atk:30|def:55|spa:65|spd:55|spe:20
Lampent,Ghost|Fire,hp:60|atk:40|def:60|spa:95|spd:60|spe:55
Chandelure,Ghost|Fire,hp:60|atk:55|def:90|spa:145|spd:90|spe:80
Axew,Dragon,hp:46|atk:87|def:60|spa:30|spd:40|spe:57
Fraxure,Dragon,hp:66|atk:117|def:70|spa:40|spd:50|spe:67
Haxorus,Dragon,hp:76|atk:147|def:90|spa:60|spd:70|spe:97
Cubchoo,Ice,hp:55|atk:70|def:40|spa:60|spd:40|spe:40
Beartic,Ice,hp:95|atk:130|def:80|spa:70|spd:80|spe:50
Cryogonal,Ice,hp:80|atk:50|def:50|spa:95|spd:135|spe:105
Shelmet,Bug,hp:50|atk:40|def:85|spa:40|spd:65|spe:25
Accelgor,Bug,hp:80|atk:70|def:40|spa:100|spd:60|spe:145
Stunfisk,Ground|Electric,hp:109|atk:66|def:84|spa:81|spd:99|spe:32
Stunfisk-Galar,Ground|Steel,hp:109|atk:81|def:99|spa:66|spd:84|spe:32
Mienfoo,Fighting,hp:45|atk:85|def:50|spa:55|spd:50|spe:65
Mienshao,Fighting,hp:65|atk:125|def:60|spa:95|spd:60|spe:105
Druddigon,Dragon,hp:77|atk:120|def:90|spa:60|spd:90|spe:48
Golett,Ground|Ghost,hp:59|atk:74|def:50|spa:35|spd:50|spe:35
Golurk,Ground|Ghost,hp:89|atk:124|def:80|spa:55|spd:80|spe:55
Pawniard,Dark|Steel,hp:45|atk:85|def:70|spa:40|spd:40|spe:60
Bisharp,Dark|Steel,hp:65|atk:125|def:100|spa:60|spd:70|spe:70
Bouffalant,Normal,hp:95|atk:110|def:95|spa:40|spd:95|spe:55
Rufflet,Normal|Flying,hp:70|atk:83|def:50|spa:37|spd:50|spe:60
Braviary,Normal|Flying,hp:100|atk:123|def:75|spa:57|spd:75|spe:80
Braviary-Hisui,Psychic|Flying,hp:110|atk:83|def:70|spa:112|spd:70|spe:65
Vullaby,Dark|Flying,hp:70|atk:55|def:75|spa:45|spd:65|spe:60
Mandibuzz,Dark|Flying,hp:110|atk:65|def:105|spa:55|spd:95|spe:80
Heatmor,Fire,hp:85|atk:97|def:66|spa:105|spd:66|spe:65
Durant,Bug|Steel,hp:58|atk:109|def:112|spa:48|spd:48|spe:109
Deino,Dark|Dragon,hp:52|atk:65|def:50|spa:45|spd:50|spe:38
Zweilous,Dark|Dragon,hp:72|atk:85|def:70|spa:65|spd:70|spe:58
Hydreigon,Dark|Dragon,hp:92|atk:105|def:90|spa:125|spd:90|spe:98
Larvesta,Bug|Fire,hp:55|atk:85|def:55|spa:50|spd:55|spe:60
Volcarona,Bug|Fire,hp:85|atk:60|def:65|spa:135|spd:105|spe:100
Cobalion,Steel|Fighting,hp:91|atk:90|def:129|spa:90|spd:72|spe:108
Terrakion,Rock|Fighting,hp:91|atk:129|def:90|spa:72|spd:90|spe:108
Virizion,Grass|Fighting,hp:91|atk:90|def:72|spa:90|spd:129|spe:108
Tornadus,Flying,hp:79|atk:115|def:70|spa:125|spd:80|spe:111
Tornadus-Therian,Flying,hp:79|atk:100|def:80|spa:110|spd:90|spe:121
Thundurus,Electric|Flying,hp:79|atk:115|def:70|spa:125|spd:80|spe:111
Thundurus-Therian,Electric|Flying,hp:79|atk:105|def:70|spa:145|spd:80|spe:101
Reshiram,Dragon|Fire,hp:100|atk:120|def:100|spa:150|spd:120|spe:90
Zekrom,Dragon|Electric,hp:100|atk:150|def:120|spa:120|spd:100|spe:90
Landorus,Ground|Flying,hp:89|atk:125|def:90|spa:115|spd:80|spe:101
Landorus-Therian,Ground|Flying,hp:89|atk:145|def:90|spa:105|spd:80|spe:91
Kyurem,Dragon|Ice,hp:125|atk:130|def:90|spa:130|spd:90|spe:95
Kyurem-Black,Dragon|Ice,hp:125|atk:170|def:100|spa:120|spd:90|spe:95
Kyurem-White,Dragon|Ice,hp:125|atk:120|def:90|spa:170|spd:100|spe:95
Keldeo,Water|Fighting,hp:91|atk:72|def:90|spa:129|spd:90|spe:108
Keldeo-Resolute,Water|Fighting,hp:91|atk:72|def:90|spa:129|spd:90|spe:108
Meloetta,Normal|Psychic,hp:100|atk:77|def:77|spa:128|spd:128|spe:90
Meloetta-Pirouette,Normal|Fighting,hp:100|atk:128|def:90|spa:77|spd:77|spe:128
Genesect,Bug|Steel,hp:71|atk:120|def:95|spa:120|spd:95|spe:99
Genesect-Douse,Bug|Steel,hp:71|atk:120|def:95|spa:120|spd:95|spe:99
Genesect-Shock,Bug|Steel,hp:71|atk:120|def:95|spa:120|spd:95|spe:99
Genesect-Burn,Bug|Steel,hp:71|atk:120|def:95|spa:120|spd:95|spe:99
Genesect-Chill,Bug|Steel,hp:71|atk:120|def:95|spa:120|spd:95|spe:99
Chespin,Grass,hp:56|atk:61|def:65|spa:48|spd:45|spe:38
Quilladin,Grass,hp:61|atk:78|def:95|spa:56|spd:58|spe:57
Chesnaught,Grass|Fighting,hp:88|atk:107|def:122|spa:74|spd:75|spe:64
Fennekin,Fire,hp:40|atk:45|def:40|spa:62|spd:60|spe:60
Braixen,Fire,hp:59|atk:59|def:58|spa:90|spd:70|spe:73
Delphox,Fire|Psychic,hp:75|atk:69|def:72|spa:114|spd:100|spe:104
Froakie,Water,hp:41|atk:56|def:40|spa:62|spd:44|spe:71
Frogadier,Water,hp:54|atk:63|def:52|spa:83|spd:56|spe:97
Greninja,Water|Dark,hp:72|atk:95|def:67|spa:103|spd:71|spe:122
Greninja-Ash,Water|Dark,hp:72|atk:145|def:67|spa:153|spd:71|spe:132
Bunnelby,Normal,hp:38|atk:36|def:38|spa:32|spd:36|spe:57
Diggersby,Normal|Ground,hp:85|atk:56|def:77|spa:50|spd:77|spe:78
Fletchling,Normal|Flying,hp:45|atk:50|def:43|spa:40|spd:38|spe:62
Fletchinder,Fire|Flying,hp:62|atk:73|def:55|spa:56|spd:52|spe:84
Talonflame,Fire|Flying,hp:78|atk:81|def:71|spa:74|spd:69|spe:126
Scatterbug,Bug,hp:38|atk:35|def:40|spa:27|spd:25|spe:35
Spewpa,Bug,hp:45|atk:22|def:60|spa:27|spd:30|spe:29
Vivillon,Bug|Flying,hp:80|atk:52|def:50|spa:90|spd:50|spe:89
Vivillon-Fancy,Bug|Flying,hp:80|atk:52|def:50|spa:90|spd:50|spe:89
Vivillon-Pokeball,Bug|Flying,hp:80|atk:52|def:50|spa:90|spd:50|spe:89
Litleo,Fire|Normal,hp:62|atk:50|def:58|spa:73|spd:54|spe:72
Pyroar,Fire|Normal,hp:86|atk:68|def:72|spa:109|spd:66|spe:106
Flabe\u0301be\u0301,Fairy,hp:44|atk:38|def:39|spa:61|spd:79|spe:42
Floette,Fairy,hp:54|atk:45|def:47|spa:75|spd:98|spe:52
Floette-Eternal,Fairy,hp:74|atk:65|def:67|spa:125|spd:128|spe:92
Florges,Fairy,hp:78|atk:65|def:68|spa:112|spd:154|spe:75
Skiddo,Grass,hp:66|atk:65|def:48|spa:62|spd:57|spe:52
Gogoat,Grass,hp:123|atk:100|def:62|spa:97|spd:81|spe:68
Pancham,Fighting,hp:67|atk:82|def:62|spa:46|spd:48|spe:43
Pangoro,Fighting|Dark,hp:95|atk:124|def:78|spa:69|spd:71|spe:58
Furfrou,Normal,hp:75|atk:80|def:60|spa:65|spd:90|spe:102
Espurr,Psychic,hp:62|atk:48|def:54|spa:63|spd:60|spe:68
Meowstic,Psychic,hp:74|atk:48|def:76|spa:83|spd:81|spe:104
Meowstic-F,Psychic,hp:74|atk:48|def:76|spa:83|spd:81|spe:104
Honedge,Steel|Ghost,hp:45|atk:80|def:100|spa:35|spd:37|spe:28
Doublade,Steel|Ghost,hp:59|atk:110|def:150|spa:45|spd:49|spe:35
Aegislash,Steel|Ghost,hp:60|atk:50|def:140|spa:50|spd:140|spe:60
Aegislash-Blade,Steel|Ghost,hp:60|atk:140|def:50|spa:140|spd:50|spe:60
Spritzee,Fairy,hp:78|atk:52|def:60|spa:63|spd:65|spe:23
Aromatisse,Fairy,hp:101|atk:72|def:72|spa:99|spd:89|spe:29
Swirlix,Fairy,hp:62|atk:48|def:66|spa:59|spd:57|spe:49
Slurpuff,Fairy,hp:82|atk:80|def:86|spa:85|spd:75|spe:72
Inkay,Dark|Psychic,hp:53|atk:54|def:53|spa:37|spd:46|spe:45
Malamar,Dark|Psychic,hp:86|atk:92|def:88|spa:68|spd:75|spe:73
Binacle,Rock|Water,hp:42|atk:52|def:67|spa:39|spd:56|spe:50
Barbaracle,Rock|Water,hp:72|atk:105|def:115|spa:54|spd:86|spe:68
Skrelp,Poison|Water,hp:50|atk:60|def:60|spa:60|spd:60|spe:30
Dragalge,Poison|Dragon,hp:65|atk:75|def:90|spa:97|spd:123|spe:44
Clauncher,Water,hp:50|atk:53|def:62|spa:58|spd:63|spe:44
Clawitzer,Water,hp:71|atk:73|def:88|spa:120|spd:89|spe:59
Helioptile,Electric|Normal,hp:44|atk:38|def:33|spa:61|spd:43|spe:70
Heliolisk,Electric|Normal,hp:62|atk:55|def:52|spa:109|spd:94|spe:109
Tyrunt,Rock|Dragon,hp:58|atk:89|def:77|spa:45|spd:45|spe:48
Tyrantrum,Rock|Dragon,hp:82|atk:121|def:119|spa:69|spd:59|spe:71
Amaura,Rock|Ice,hp:77|atk:59|def:50|spa:67|spd:63|spe:46
Aurorus,Rock|Ice,hp:123|atk:77|def:72|spa:99|spd:92|spe:58
Sylveon,Fairy,hp:95|atk:65|def:65|spa:110|spd:130|spe:60
Hawlucha,Fighting|Flying,hp:78|atk:92|def:75|spa:74|spd:63|spe:118
Dedenne,Electric|Fairy,hp:67|atk:58|def:57|spa:81|spd:67|spe:101
Carbink,Rock|Fairy,hp:50|atk:50|def:150|spa:50|spd:150|spe:50
Goomy,Dragon,hp:45|atk:50|def:35|spa:55|spd:75|spe:40
Sliggoo,Dragon,hp:68|atk:75|def:53|spa:83|spd:113|spe:60
Sliggoo-Hisui,Steel|Dragon,hp:58|atk:75|def:83|spa:83|spd:113|spe:40
Goodra,Dragon,hp:90|atk:100|def:70|spa:110|spd:150|spe:80
Goodra-Hisui,Steel|Dragon,hp:80|atk:100|def:100|spa:110|spd:150|spe:60
Klefki,Steel|Fairy,hp:57|atk:80|def:91|spa:80|spd:87|spe:75
Phantump,Ghost|Grass,hp:43|atk:70|def:48|spa:50|spd:60|spe:38
Trevenant,Ghost|Grass,hp:85|atk:110|def:76|spa:65|spd:82|spe:56
Pumpkaboo,Ghost|Grass,hp:49|atk:66|def:70|spa:44|spd:55|spe:51
Pumpkaboo-Small,Ghost|Grass,hp:44|atk:66|def:70|spa:44|spd:55|spe:56
Pumpkaboo-Large,Ghost|Grass,hp:54|atk:66|def:70|spa:44|spd:55|spe:46
Pumpkaboo-Super,Ghost|Grass,hp:59|atk:66|def:70|spa:44|spd:55|spe:41
Gourgeist,Ghost|Grass,hp:65|atk:90|def:122|spa:58|spd:75|spe:84
Gourgeist-Small,Ghost|Grass,hp:55|atk:85|def:122|spa:58|spd:75|spe:99
Gourgeist-Large,Ghost|Grass,hp:75|atk:95|def:122|spa:58|spd:75|spe:69
Gourgeist-Super,Ghost|Grass,hp:85|atk:100|def:122|spa:58|spd:75|spe:54
Bergmite,Ice,hp:55|atk:69|def:85|spa:32|spd:35|spe:28
Avalugg,Ice,hp:95|atk:117|def:184|spa:44|spd:46|spe:28
Avalugg-Hisui,Ice|Rock,hp:95|atk:127|def:184|spa:34|spd:36|spe:38
Noibat,Flying|Dragon,hp:40|atk:30|def:35|spa:45|spd:40|spe:55
Noivern,Flying|Dragon,hp:85|atk:70|def:80|spa:97|spd:80|spe:123
Xerneas,Fairy,hp:126|atk:131|def:95|spa:131|spd:98|spe:99
Xerneas-Neutral,Fairy,hp:126|atk:131|def:95|spa:131|spd:98|spe:99
Yveltal,Dark|Flying,hp:126|atk:131|def:95|spa:131|spd:98|spe:99
Zygarde,Dragon|Ground,hp:108|atk:100|def:121|spa:81|spd:95|spe:95
Zygarde-10%,Dragon|Ground,hp:54|atk:100|def:71|spa:61|spd:85|spe:115
Zygarde-Complete,Dragon|Ground,hp:216|atk:100|def:121|spa:91|spd:95|spe:85
Diancie,Rock|Fairy,hp:50|atk:100|def:150|spa:100|spd:150|spe:50
Diancie-Mega,Rock|Fairy,hp:50|atk:160|def:110|spa:160|spd:110|spe:110
Hoopa,Psychic|Ghost,hp:80|atk:110|def:60|spa:150|spd:130|spe:70
Hoopa-Unbound,Psychic|Dark,hp:80|atk:160|def:60|spa:170|spd:130|spe:80
Volcanion,Fire|Water,hp:80|atk:110|def:120|spa:130|spd:90|spe:70
Rowlet,Grass|Flying,hp:68|atk:55|def:55|spa:50|spd:50|spe:42
Dartrix,Grass|Flying,hp:78|atk:75|def:75|spa:70|spd:70|spe:52
Decidueye,Grass|Ghost,hp:78|atk:107|def:75|spa:100|spd:100|spe:70
Decidueye-Hisui,Grass|Fighting,hp:88|atk:112|def:80|spa:95|spd:95|spe:60
Litten,Fire,hp:45|atk:65|def:40|spa:60|spd:40|spe:70
Torracat,Fire,hp:65|atk:85|def:50|spa:80|spd:50|spe:90
Incineroar,Fire|Dark,hp:95|atk:115|def:90|spa:80|spd:90|spe:60
Popplio,Water,hp:50|atk:54|def:54|spa:66|spd:56|spe:40
Brionne,Water,hp:60|atk:69|def:69|spa:91|spd:81|spe:50
Primarina,Water|Fairy,hp:80|atk:74|def:74|spa:126|spd:116|spe:60
Pikipek,Normal|Flying,hp:35|atk:75|def:30|spa:30|spd:30|spe:65
Trumbeak,Normal|Flying,hp:55|atk:85|def:50|spa:40|spd:50|spe:75
Toucannon,Normal|Flying,hp:80|atk:120|def:75|spa:75|spd:75|spe:60
Yungoos,Normal,hp:48|atk:70|def:30|spa:30|spd:30|spe:45
Gumshoos,Normal,hp:88|atk:110|def:60|spa:55|spd:60|spe:45
Gumshoos-Totem,Normal,hp:88|atk:110|def:60|spa:55|spd:60|spe:45
Grubbin,Bug,hp:47|atk:62|def:45|spa:55|spd:45|spe:46
Charjabug,Bug|Electric,hp:57|atk:82|def:95|spa:55|spd:75|spe:36
Vikavolt,Bug|Electric,hp:77|atk:70|def:90|spa:145|spd:75|spe:43
Vikavolt-Totem,Bug|Electric,hp:77|atk:70|def:90|spa:145|spd:75|spe:43
Crabrawler,Fighting,hp:47|atk:82|def:57|spa:42|spd:47|spe:63
Crabominable,Fighting|Ice,hp:97|atk:132|def:77|spa:62|spd:67|spe:43
Oricorio,Fire|Flying,hp:75|atk:70|def:70|spa:98|spd:70|spe:93
Oricorio-Pom-Pom,Electric|Flying,hp:75|atk:70|def:70|spa:98|spd:70|spe:93
Oricorio-Pa'u,Psychic|Flying,hp:75|atk:70|def:70|spa:98|spd:70|spe:93
Oricorio-Sensu,Ghost|Flying,hp:75|atk:70|def:70|spa:98|spd:70|spe:93
Cutiefly,Bug|Fairy,hp:40|atk:45|def:40|spa:55|spd:40|spe:84
Ribombee,Bug|Fairy,hp:60|atk:55|def:60|spa:95|spd:70|spe:124
Ribombee-Totem,Bug|Fairy,hp:60|atk:55|def:60|spa:95|spd:70|spe:124
Rockruff,Rock,hp:45|atk:65|def:40|spa:30|spd:40|spe:60
Lycanroc,Rock,hp:75|atk:115|def:65|spa:55|spd:65|spe:112
Lycanroc-Midnight,Rock,hp:85|atk:115|def:75|spa:55|spd:75|spe:82
Lycanroc-Dusk,Rock,hp:75|atk:117|def:65|spa:55|spd:65|spe:110
Wishiwashi,Water,hp:45|atk:20|def:20|spa:25|spd:25|spe:40
Wishiwashi-School,Water,hp:45|atk:140|def:130|spa:140|spd:135|spe:30
Mareanie,Poison|Water,hp:50|atk:53|def:62|spa:43|spd:52|spe:45
Toxapex,Poison|Water,hp:50|atk:63|def:152|spa:53|spd:142|spe:35
Mudbray,Ground,hp:70|atk:100|def:70|spa:45|spd:55|spe:45
Mudsdale,Ground,hp:100|atk:125|def:100|spa:55|spd:85|spe:35
Dewpider,Water|Bug,hp:38|atk:40|def:52|spa:40|spd:72|spe:27
Araquanid,Water|Bug,hp:68|atk:70|def:92|spa:50|spd:132|spe:42
Araquanid-Totem,Water|Bug,hp:68|atk:70|def:92|spa:50|spd:132|spe:42
Fomantis,Grass,hp:40|atk:55|def:35|spa:50|spd:35|spe:35
Lurantis,Grass,hp:70|atk:105|def:90|spa:80|spd:90|spe:45
Lurantis-Totem,Grass,hp:70|atk:105|def:90|spa:80|spd:90|spe:45
Morelull,Grass|Fairy,hp:40|atk:35|def:55|spa:65|spd:75|spe:15
Shiinotic,Grass|Fairy,hp:60|atk:45|def:80|spa:90|spd:100|spe:30
Salandit,Poison|Fire,hp:48|atk:44|def:40|spa:71|spd:40|spe:77
Salazzle,Poison|Fire,hp:68|atk:64|def:60|spa:111|spd:60|spe:117
Salazzle-Totem,Poison|Fire,hp:68|atk:64|def:60|spa:111|spd:60|spe:117
Stufful,Normal|Fighting,hp:70|atk:75|def:50|spa:45|spd:50|spe:50
Bewear,Normal|Fighting,hp:120|atk:125|def:80|spa:55|spd:60|spe:60
Bounsweet,Grass,hp:42|atk:30|def:38|spa:30|spd:38|spe:32
Steenee,Grass,hp:52|atk:40|def:48|spa:40|spd:48|spe:62
Tsareena,Grass,hp:72|atk:120|def:98|spa:50|spd:98|spe:72
Comfey,Fairy,hp:51|atk:52|def:90|spa:82|spd:110|spe:100
Oranguru,Normal|Psychic,hp:90|atk:60|def:80|spa:90|spd:110|spe:60
Passimian,Fighting,hp:100|atk:120|def:90|spa:40|spd:60|spe:80
Wimpod,Bug|Water,hp:25|atk:35|def:40|spa:20|spd:30|spe:80
Golisopod,Bug|Water,hp:75|atk:125|def:140|spa:60|spd:90|spe:40
Sandygast,Ghost|Ground,hp:55|atk:55|def:80|spa:70|spd:45|spe:15
Palossand,Ghost|Ground,hp:85|atk:75|def:110|spa:100|spd:75|spe:35
Pyukumuku,Water,hp:55|atk:60|def:130|spa:30|spd:130|spe:5
Type: Null,Normal,hp:95|atk:95|def:95|spa:95|spd:95|spe:59
Silvally,Normal,hp:95|atk:95|def:95|spa:95|spd:95|spe:95
Silvally-Bug,Bug,hp:95|atk:95|def:95|spa:95|spd:95|spe:95
Silvally-Dark,Dark,hp:95|atk:95|def:95|spa:95|spd:95|spe:95
Silvally-Dragon,Dragon,hp:95|atk:95|def:95|spa:95|spd:95|spe:95
Silvally-Electric,Electric,hp:95|atk:95|def:95|spa:95|spd:95|spe:95
Silvally-Fairy,Fairy,hp:95|atk:95|def:95|spa:95|spd:95|spe:95
Silvally-Fighting,Fighting,hp:95|atk:95|def:95|spa:95|spd:95|spe:95
Silvally-Fire,Fire,hp:95|atk:95|def:95|spa:95|spd:95|spe:95
Silvally-Flying,Flying,hp:95|atk:95|def:95|spa:95|spd:95|spe:95
Silvally-Ghost,Ghost,hp:95|atk:95|def:95|spa:95|spd:95|spe:95
Silvally-Grass,Grass,hp:95|atk:95|def:95|spa:95|spd:95|spe:95
Silvally-Ground,Ground,hp:95|atk:95|def:95|spa:95|spd:95|spe:95
Silvally-Ice,Ice,hp:95|atk:95|def:95|spa:95|spd:95|spe:95
Silvally-Poison,Poison,hp:95|atk:95|def:95|spa:95|spd:95|spe:95
Silvally-Psychic,Psychic,hp:95|atk:95|def:95|spa:95|spd:95|spe:95
Silvally-Rock,Rock,hp:95|atk:95|def:95|spa:95|spd:95|spe:95
Silvally-Steel,Steel,hp:95|atk:95|def:95|spa:95|spd:95|spe:95
Silvally-Water,Water,hp:95|atk:95|def:95|spa:95|spd:95|spe:95
Minior,Rock|Flying,hp:60|atk:100|def:60|spa:100|spd:60|spe:120
Minior-Meteor,Rock|Flying,hp:60|atk:60|def:100|spa:60|spd:100|spe:60
Komala,Normal,hp:65|atk:115|def:65|spa:75|spd:95|spe:65
Turtonator,Fire|Dragon,hp:60|atk:78|def:135|spa:91|spd:85|spe:36
Togedemaru,Electric|Steel,hp:65|atk:98|def:63|spa:40|spd:73|spe:96
Togedemaru-Totem,Electric|Steel,hp:65|atk:98|def:63|spa:40|spd:73|spe:96
Mimikyu,Ghost|Fairy,hp:55|atk:90|def:80|spa:50|spd:105|spe:96
Mimikyu-Busted,Ghost|Fairy,hp:55|atk:90|def:80|spa:50|spd:105|spe:96
Mimikyu-Totem,Ghost|Fairy,hp:55|atk:90|def:80|spa:50|spd:105|spe:96
Mimikyu-Busted-Totem,Ghost|Fairy,hp:55|atk:90|def:80|spa:50|spd:105|spe:96
Bruxish,Water|Psychic,hp:68|atk:105|def:70|spa:70|spd:70|spe:92
Drampa,Normal|Dragon,hp:78|atk:60|def:85|spa:135|spd:91|spe:36
Dhelmise,Ghost|Grass,hp:70|atk:131|def:100|spa:86|spd:90|spe:40
Jangmo-o,Dragon,hp:45|atk:55|def:65|spa:45|spd:45|spe:45
Hakamo-o,Dragon|Fighting,hp:55|atk:75|def:90|spa:65|spd:70|spe:65
Kommo-o,Dragon|Fighting,hp:75|atk:110|def:125|spa:100|spd:105|spe:85
Kommo-o-Totem,Dragon|Fighting,hp:75|atk:110|def:125|spa:100|spd:105|spe:85
Tapu Koko,Electric|Fairy,hp:70|atk:115|def:85|spa:95|spd:75|spe:130
Tapu Lele,Psychic|Fairy,hp:70|atk:85|def:75|spa:130|spd:115|spe:95
Tapu Bulu,Grass|Fairy,hp:70|atk:130|def:115|spa:85|spd:95|spe:75
Tapu Fini,Water|Fairy,hp:70|atk:75|def:115|spa:95|spd:130|spe:85
Cosmog,Psychic,hp:43|atk:29|def:31|spa:29|spd:31|spe:37
Cosmoem,Psychic,hp:43|atk:29|def:131|spa:29|spd:131|spe:37
Solgaleo,Psychic|Steel,hp:137|atk:137|def:107|spa:113|spd:89|spe:97
Lunala,Psychic|Ghost,hp:137|atk:113|def:89|spa:137|spd:107|spe:97
Nihilego,Rock|Poison,hp:109|atk:53|def:47|spa:127|spd:131|spe:103
Buzzwole,Bug|Fighting,hp:107|atk:139|def:139|spa:53|spd:53|spe:79
Pheromosa,Bug|Fighting,hp:71|atk:137|def:37|spa:137|spd:37|spe:151
Xurkitree,Electric,hp:83|atk:89|def:71|spa:173|spd:71|spe:83
Celesteela,Steel|Flying,hp:97|atk:101|def:103|spa:107|spd:101|spe:61
Kartana,Grass|Steel,hp:59|atk:181|def:131|spa:59|spd:31|spe:109
Guzzlord,Dark|Dragon,hp:223|atk:101|def:53|spa:97|spd:53|spe:43
Necrozma,Psychic,hp:97|atk:107|def:101|spa:127|spd:89|spe:79
Necrozma-Dusk-Mane,Psychic|Steel,hp:97|atk:157|def:127|spa:113|spd:109|spe:77
Necrozma-Dawn-Wings,Psychic|Ghost,hp:97|atk:113|def:109|spa:157|spd:127|spe:77
Necrozma-Ultra,Psychic|Dragon,hp:97|atk:167|def:97|spa:167|spd:97|spe:129
Magearna,Steel|Fairy,hp:80|atk:95|def:115|spa:130|spd:115|spe:65
Magearna-Original,Steel|Fairy,hp:80|atk:95|def:115|spa:130|spd:115|spe:65
Marshadow,Fighting|Ghost,hp:90|atk:125|def:80|spa:90|spd:90|spe:125
Poipole,Poison,hp:67|atk:73|def:67|spa:73|spd:67|spe:73
Naganadel,Poison|Dragon,hp:73|atk:73|def:73|spa:127|spd:73|spe:121
Stakataka,Rock|Steel,hp:61|atk:131|def:211|spa:53|spd:101|spe:13
Blacephalon,Fire|Ghost,hp:53|atk:127|def:53|spa:151|spd:79|spe:107
Zeraora,Electric,hp:88|atk:112|def:75|spa:102|spd:80|spe:143
Meltan,Steel,hp:46|atk:65|def:65|spa:55|spd:35|spe:34
Melmetal,Steel,hp:135|atk:143|def:143|spa:80|spd:65|spe:34
Melmetal-Gmax,Steel,hp:135|atk:143|def:143|spa:80|spd:65|spe:34
Grookey,Grass,hp:50|atk:65|def:50|spa:40|spd:40|spe:65
Thwackey,Grass,hp:70|atk:85|def:70|spa:55|spd:60|spe:80
Rillaboom,Grass,hp:100|atk:125|def:90|spa:60|spd:70|spe:85
Rillaboom-Gmax,Grass,hp:100|atk:125|def:90|spa:60|spd:70|spe:85
Scorbunny,Fire,hp:50|atk:71|def:40|spa:40|spd:40|spe:69
Raboot,Fire,hp:65|atk:86|def:60|spa:55|spd:60|spe:94
Cinderace,Fire,hp:80|atk:116|def:75|spa:65|spd:75|spe:119
Cinderace-Gmax,Fire,hp:80|atk:116|def:75|spa:65|spd:75|spe:119
Sobble,Water,hp:50|atk:40|def:40|spa:70|spd:40|spe:70
Drizzile,Water,hp:65|atk:60|def:55|spa:95|spd:55|spe:90
Inteleon,Water,hp:70|atk:85|def:65|spa:125|spd:65|spe:120
Inteleon-Gmax,Water,hp:70|atk:85|def:65|spa:125|spd:65|spe:120
Skwovet,Normal,hp:70|atk:55|def:55|spa:35|spd:35|spe:25
Greedent,Normal,hp:120|atk:95|def:95|spa:55|spd:75|spe:20
Rookidee,Flying,hp:38|atk:47|def:35|spa:33|spd:35|spe:57
Corvisquire,Flying,hp:68|atk:67|def:55|spa:43|spd:55|spe:77
Corviknight,Flying|Steel,hp:98|atk:87|def:105|spa:53|spd:85|spe:67
Corviknight-Gmax,Flying|Steel,hp:98|atk:87|def:105|spa:53|spd:85|spe:67
Blipbug,Bug,hp:25|atk:20|def:20|spa:25|spd:45|spe:45
Dottler,Bug|Psychic,hp:50|atk:35|def:80|spa:50|spd:90|spe:30
Orbeetle,Bug|Psychic,hp:60|atk:45|def:110|spa:80|spd:120|spe:90
Orbeetle-Gmax,Bug|Psychic,hp:60|atk:45|def:110|spa:80|spd:120|spe:90
Nickit,Dark,hp:40|atk:28|def:28|spa:47|spd:52|spe:50
Thievul,Dark,hp:70|atk:58|def:58|spa:87|spd:92|spe:90
Gossifleur,Grass,hp:40|atk:40|def:60|spa:40|spd:60|spe:10
Eldegoss,Grass,hp:60|atk:50|def:90|spa:80|spd:120|spe:60
Wooloo,Normal,hp:42|atk:40|def:55|spa:40|spd:45|spe:48
Dubwool,Normal,hp:72|atk:80|def:100|spa:60|spd:90|spe:88
Chewtle,Water,hp:50|atk:64|def:50|spa:38|spd:38|spe:44
Drednaw,Water|Rock,hp:90|atk:115|def:90|spa:48|spd:68|spe:74
Drednaw-Gmax,Water|Rock,hp:90|atk:115|def:90|spa:48|spd:68|spe:74
Yamper,Electric,hp:59|atk:45|def:50|spa:40|spd:50|spe:26
Boltund,Electric,hp:69|atk:90|def:60|spa:90|spd:60|spe:121
Rolycoly,Rock,hp:30|atk:40|def:50|spa:40|spd:50|spe:30
Carkol,Rock|Fire,hp:80|atk:60|def:90|spa:60|spd:70|spe:50
Coalossal,Rock|Fire,hp:110|atk:80|def:120|spa:80|spd:90|spe:30
Coalossal-Gmax,Rock|Fire,hp:110|atk:80|def:120|spa:80|spd:90|spe:30
Applin,Grass|Dragon,hp:40|atk:40|def:80|spa:40|spd:40|spe:20
Flapple,Grass|Dragon,hp:70|atk:110|def:80|spa:95|spd:60|spe:70
Flapple-Gmax,Grass|Dragon,hp:70|atk:110|def:80|spa:95|spd:60|spe:70
Appletun,Grass|Dragon,hp:110|atk:85|def:80|spa:100|spd:80|spe:30
Appletun-Gmax,Grass|Dragon,hp:110|atk:85|def:80|spa:100|spd:80|spe:30
Silicobra,Ground,hp:52|atk:57|def:75|spa:35|spd:50|spe:46
Sandaconda,Ground,hp:72|atk:107|def:125|spa:65|spd:70|spe:71
Sandaconda-Gmax,Ground,hp:72|atk:107|def:125|spa:65|spd:70|spe:71
Cramorant,Flying|Water,hp:70|atk:85|def:55|spa:85|spd:95|spe:85
Cramorant-Gulping,Flying|Water,hp:70|atk:85|def:55|spa:85|spd:95|spe:85
Cramorant-Gorging,Flying|Water,hp:70|atk:85|def:55|spa:85|spd:95|spe:85
Arrokuda,Water,hp:41|atk:63|def:40|spa:40|spd:30|spe:66
Barraskewda,Water,hp:61|atk:123|def:60|spa:60|spd:50|spe:136
Toxel,Electric|Poison,hp:40|atk:38|def:35|spa:54|spd:35|spe:40
Toxtricity,Electric|Poison,hp:75|atk:98|def:70|spa:114|spd:70|spe:75
Toxtricity-Low-Key,Electric|Poison,hp:75|atk:98|def:70|spa:114|spd:70|spe:75
Toxtricity-Gmax,Electric|Poison,hp:75|atk:98|def:70|spa:114|spd:70|spe:75
Toxtricity-Low-Key-Gmax,Electric|Poison,hp:75|atk:98|def:70|spa:114|spd:70|spe:75
Sizzlipede,Fire|Bug,hp:50|atk:65|def:45|spa:50|spd:50|spe:45
Centiskorch,Fire|Bug,hp:100|atk:115|def:65|spa:90|spd:90|spe:65
Centiskorch-Gmax,Fire|Bug,hp:100|atk:115|def:65|spa:90|spd:90|spe:65
Clobbopus,Fighting,hp:50|atk:68|def:60|spa:50|spd:50|spe:32
Grapploct,Fighting,hp:80|atk:118|def:90|spa:70|spd:80|spe:42
Sinistea,Ghost,hp:40|atk:45|def:45|spa:74|spd:54|spe:50
Sinistea-Antique,Ghost,hp:40|atk:45|def:45|spa:74|spd:54|spe:50
Polteageist,Ghost,hp:60|atk:65|def:65|spa:134|spd:114|spe:70
Polteageist-Antique,Ghost,hp:60|atk:65|def:65|spa:134|spd:114|spe:70
Hatenna,Psychic,hp:42|atk:30|def:45|spa:56|spd:53|spe:39
Hattrem,Psychic,hp:57|atk:40|def:65|spa:86|spd:73|spe:49
Hatterene,Psychic|Fairy,hp:57|atk:90|def:95|spa:136|spd:103|spe:29
Hatterene-Gmax,Psychic|Fairy,hp:57|atk:90|def:95|spa:136|spd:103|spe:29
Impidimp,Dark|Fairy,hp:45|atk:45|def:30|spa:55|spd:40|spe:50
Morgrem,Dark|Fairy,hp:65|atk:60|def:45|spa:75|spd:55|spe:70
Grimmsnarl,Dark|Fairy,hp:95|atk:120|def:65|spa:95|spd:75|spe:60
Grimmsnarl-Gmax,Dark|Fairy,hp:95|atk:120|def:65|spa:95|spd:75|spe:60
Obstagoon,Dark|Normal,hp:93|atk:90|def:101|spa:60|spd:81|spe:95
Perrserker,Steel,hp:70|atk:110|def:100|spa:50|spd:60|spe:50
Cursola,Ghost,hp:60|atk:95|def:50|spa:145|spd:130|spe:30
Sirfetch\u2019d,Fighting,hp:62|atk:135|def:95|spa:68|spd:82|spe:65
Mr. Rime,Ice|Psychic,hp:80|atk:85|def:75|spa:110|spd:100|spe:70
Runerigus,Ground|Ghost,hp:58|atk:95|def:145|spa:50|spd:105|spe:30
Milcery,Fairy,hp:45|atk:40|def:40|spa:50|spd:61|spe:34
Alcremie,Fairy,hp:65|atk:60|def:75|spa:110|spd:121|spe:64
Alcremie-Gmax,Fairy,hp:65|atk:60|def:75|spa:110|spd:121|spe:64
Falinks,Fighting,hp:65|atk:100|def:100|spa:70|spd:60|spe:75
Pincurchin,Electric,hp:48|atk:101|def:95|spa:91|spd:85|spe:15
Snom,Ice|Bug,hp:30|atk:25|def:35|spa:45|spd:30|spe:20
Frosmoth,Ice|Bug,hp:70|atk:65|def:60|spa:125|spd:90|spe:65
Stonjourner,Rock,hp:100|atk:125|def:135|spa:20|spd:20|spe:70
Eiscue,Ice,hp:75|atk:80|def:110|spa:65|spd:90|spe:50
Eiscue-Noice,Ice,hp:75|atk:80|def:70|spa:65|spd:50|spe:130
Indeedee,Psychic|Normal,hp:60|atk:65|def:55|spa:105|spd:95|spe:95
Indeedee-F,Psychic|Normal,hp:70|atk:55|def:65|spa:95|spd:105|spe:85
Morpeko,Electric|Dark,hp:58|atk:95|def:58|spa:70|spd:58|spe:97
Morpeko-Hangry,Electric|Dark,hp:58|atk:95|def:58|spa:70|spd:58|spe:97
Cufant,Steel,hp:72|atk:80|def:49|spa:40|spd:49|spe:40
Copperajah,Steel,hp:122|atk:130|def:69|spa:80|spd:69|spe:30
Copperajah-Gmax,Steel,hp:122|atk:130|def:69|spa:80|spd:69|spe:30
Dracozolt,Electric|Dragon,hp:90|atk:100|def:90|spa:80|spd:70|spe:75
Arctozolt,Electric|Ice,hp:90|atk:100|def:90|spa:90|spd:80|spe:55
Dracovish,Water|Dragon,hp:90|atk:90|def:100|spa:70|spd:80|spe:75
Arctovish,Water|Ice,hp:90|atk:90|def:100|spa:80|spd:90|spe:55
Duraludon,Steel|Dragon,hp:70|atk:95|def:115|spa:120|spd:50|spe:85
Duraludon-Gmax,Steel|Dragon,hp:70|atk:95|def:115|spa:120|spd:50|spe:85
Dreepy,Dragon|Ghost,hp:28|atk:60|def:30|spa:40|spd:30|spe:82
Drakloak,Dragon|Ghost,hp:68|atk:80|def:50|spa:60|spd:50|spe:102
Dragapult,Dragon|Ghost,hp:88|atk:120|def:75|spa:100|spd:75|spe:142
Zacian,Fairy,hp:92|atk:120|def:115|spa:80|spd:115|spe:138
Zacian-Crowned,Fairy|Steel,hp:92|atk:150|def:115|spa:80|spd:115|spe:148
Zamazenta,Fighting,hp:92|atk:120|def:115|spa:80|spd:115|spe:138
Zamazenta-Crowned,Fighting|Steel,hp:92|atk:120|def:140|spa:80|spd:140|spe:128
Eternatus,Poison|Dragon,hp:140|atk:85|def:95|spa:145|spd:95|spe:130
Eternatus-Eternamax,Poison|Dragon,hp:255|atk:115|def:250|spa:125|spd:250|spe:130
Kubfu,Fighting,hp:60|atk:90|def:60|spa:53|spd:50|spe:72
Urshifu,Fighting|Dark,hp:100|atk:130|def:100|spa:63|spd:60|spe:97
Urshifu-Rapid-Strike,Fighting|Water,hp:100|atk:130|def:100|spa:63|spd:60|spe:97
Urshifu-Gmax,Fighting|Dark,hp:100|atk:130|def:100|spa:63|spd:60|spe:97
Urshifu-Rapid-Strike-Gmax,Fighting|Water,hp:100|atk:130|def:100|spa:63|spd:60|spe:97
Zarude,Dark|Grass,hp:105|atk:120|def:105|spa:70|spd:95|spe:105
Zarude-Dada,Dark|Grass,hp:105|atk:120|def:105|spa:70|spd:95|spe:105
Regieleki,Electric,hp:80|atk:100|def:50|spa:100|spd:50|spe:200
Regidrago,Dragon,hp:200|atk:100|def:50|spa:100|spd:50|spe:80
Glastrier,Ice,hp:100|atk:145|def:130|spa:65|spd:110|spe:30
Spectrier,Ghost,hp:100|atk:65|def:60|spa:145|spd:80|spe:130
Calyrex,Psychic|Grass,hp:100|atk:80|def:80|spa:80|spd:80|spe:80
Calyrex-Ice,Psychic|Ice,hp:100|atk:165|def:150|spa:85|spd:130|spe:50
Calyrex-Shadow,Psychic|Ghost,hp:100|atk:85|def:80|spa:165|spd:100|spe:150
Wyrdeer,Normal|Psychic,hp:103|atk:105|def:72|spa:105|spd:75|spe:65
Kleavor,Bug|Rock,hp:70|atk:130|def:95|spa:45|spd:75|spe:85
Ursaluna,Ground|Normal,hp:130|atk:140|def:105|spa:45|spd:80|spe:50
Basculegion,Water|Ghost,hp:120|atk:112|def:65|spa:80|spd:75|spe:78
Basculegion-F,Water|Ghost,hp:120|atk:92|def:65|spa:100|spd:75|spe:78
Sneasler,Fighting|Poison,hp:80|atk:130|def:60|spa:40|spd:80|spe:120
Overqwil,Dark|Poison,hp:85|atk:115|def:95|spa:65|spd:65|spe:85
Enamorus,Fairy|Flying,hp:74|atk:115|def:70|spa:135|spd:80|spe:106
Enamorus-Therian,Fairy|Flying,hp:74|atk:115|def:110|spa:135|spd:100|spe:46
Sprigatito,Grass,hp:40|atk:61|def:54|spa:45|spd:45|spe:65
Floragato,Grass,hp:61|atk:80|def:63|spa:60|spd:63|spe:83
Meowscarada,Grass|Dark,hp:76|atk:110|def:70|spa:81|spd:70|spe:123
Fuecoco,Fire,hp:67|atk:45|def:59|spa:63|spd:40|spe:36
Crocalor,Fire,hp:81|atk:55|def:78|spa:90|spd:58|spe:49
Skeledirge,Fire|Ghost,hp:104|atk:75|def:100|spa:110|spd:75|spe:66
Quaxly,Water,hp:55|atk:65|def:45|spa:50|spd:45|spe:50
Quaxwell,Water,hp:70|atk:85|def:65|spa:65|spd:60|spe:65
Quaquaval,Water|Fighting,hp:85|atk:120|def:80|spa:85|spd:75|spe:85
Lechonk,Normal,hp:54|atk:45|def:40|spa:35|spd:45|spe:35
Oinkologne,Normal,hp:110|atk:100|def:75|spa:59|spd:80|spe:65
Oinkologne-F,Normal,hp:115|atk:90|def:70|spa:59|spd:90|spe:65
Tarountula,Bug,hp:35|atk:41|def:45|spa:29|spd:40|spe:20
Spidops,Bug,hp:60|atk:79|def:92|spa:52|spd:86|spe:35
Nymble,Bug,hp:33|atk:46|def:40|spa:21|spd:25|spe:45
Lokix,Bug|Dark,hp:71|atk:102|def:78|spa:52|spd:55|spe:92
Pawmi,Electric,hp:45|atk:50|def:20|spa:40|spd:25|spe:60
Pawmo,Electric|Fighting,hp:60|atk:75|def:40|spa:50|spd:40|spe:85
Pawmot,Electric|Fighting,hp:70|atk:115|def:70|spa:70|spd:60|spe:105
Tandemaus,Normal,hp:50|atk:50|def:45|spa:40|spd:45|spe:75
Maushold,Normal,hp:74|atk:75|def:70|spa:65|spd:75|spe:111
Maushold-Four,Normal,hp:74|atk:75|def:70|spa:65|spd:75|spe:111
Fidough,Fairy,hp:37|atk:55|def:70|spa:30|spd:55|spe:65
Dachsbun,Fairy,hp:57|atk:80|def:115|spa:50|spd:80|spe:95
Smoliv,Grass|Normal,hp:41|atk:35|def:45|spa:58|spd:51|spe:30
Dolliv,Grass|Normal,hp:52|atk:53|def:60|spa:78|spd:78|spe:33
Arboliva,Grass|Normal,hp:78|atk:69|def:90|spa:125|spd:109|spe:39
Squawkabilly,Normal|Flying,hp:82|atk:96|def:51|spa:45|spd:51|spe:92
Squawkabilly-Blue,Normal|Flying,hp:82|atk:96|def:51|spa:45|spd:51|spe:92
Squawkabilly-Yellow,Normal|Flying,hp:82|atk:96|def:51|spa:45|spd:51|spe:92
Squawkabilly-White,Normal|Flying,hp:82|atk:96|def:51|spa:45|spd:51|spe:92
Nacli,Rock,hp:55|atk:55|def:75|spa:35|spd:35|spe:25
Naclstack,Rock,hp:60|atk:60|def:100|spa:35|spd:65|spe:35
Garganacl,Rock,hp:100|atk:100|def:130|spa:45|spd:90|spe:35
Charcadet,Fire,hp:40|atk:50|def:40|spa:50|spd:40|spe:35
Armarouge,Fire|Psychic,hp:85|atk:60|def:100|spa:125|spd:80|spe:75
Ceruledge,Fire|Ghost,hp:75|atk:125|def:80|spa:60|spd:100|spe:85
Tadbulb,Electric,hp:61|atk:31|def:41|spa:59|spd:35|spe:45
Bellibolt,Electric,hp:109|atk:64|def:91|spa:103|spd:83|spe:45
Wattrel,Electric|Flying,hp:40|atk:40|def:35|spa:55|spd:40|spe:70
Kilowattrel,Electric|Flying,hp:70|atk:70|def:60|spa:105|spd:60|spe:125
Maschiff,Dark,hp:60|atk:78|def:60|spa:40|spd:51|spe:51
Mabosstiff,Dark,hp:80|atk:120|def:90|spa:60|spd:70|spe:85
Shroodle,Poison|Normal,hp:40|atk:65|def:35|spa:40|spd:35|spe:75
Grafaiai,Poison|Normal,hp:63|atk:95|def:65|spa:80|spd:72|spe:110
Bramblin,Grass|Ghost,hp:40|atk:65|def:30|spa:45|spd:35|spe:60
Brambleghast,Grass|Ghost,hp:55|atk:115|def:70|spa:80|spd:70|spe:90
Toedscool,Ground|Grass,hp:40|atk:40|def:35|spa:50|spd:100|spe:70
Toedscruel,Ground|Grass,hp:80|atk:70|def:65|spa:80|spd:120|spe:100
Klawf,Rock,hp:70|atk:100|def:115|spa:35|spd:55|spe:75
Capsakid,Grass,hp:52|atk:62|def:40|spa:62|spd:40|spe:50
Scovillain,Grass|Fire,hp:65|atk:108|def:65|spa:108|spd:65|spe:75
Rellor,Bug,hp:41|atk:50|def:60|spa:31|spd:58|spe:30
Rabsca,Bug|Psychic,hp:75|atk:50|def:85|spa:115|spd:100|spe:45
Flittle,Psychic,hp:30|atk:35|def:30|spa:55|spd:30|spe:75
Espathra,Psychic,hp:95|atk:60|def:60|spa:101|spd:60|spe:105
Tinkatink,Fairy|Steel,hp:50|atk:45|def:45|spa:35|spd:64|spe:58
Tinkatuff,Fairy|Steel,hp:65|atk:55|def:55|spa:45|spd:82|spe:78
Tinkaton,Fairy|Steel,hp:85|atk:75|def:77|spa:70|spd:105|spe:94
Wiglett,Water,hp:10|atk:55|def:25|spa:35|spd:25|spe:95
Wugtrio,Water,hp:35|atk:100|def:50|spa:50|spd:70|spe:120
Bombirdier,Flying|Dark,hp:70|atk:103|def:85|spa:60|spd:85|spe:82
Finizen,Water,hp:70|atk:45|def:40|spa:45|spd:40|spe:75
Palafin,Water,hp:100|atk:70|def:72|spa:53|spd:62|spe:100
Palafin-Hero,Water,hp:100|atk:160|def:97|spa:106|spd:87|spe:100
Varoom,Steel|Poison,hp:45|atk:70|def:63|spa:30|spd:45|spe:47
Revavroom,Steel|Poison,hp:80|atk:119|def:90|spa:54|spd:67|spe:90
Cyclizar,Dragon|Normal,hp:70|atk:95|def:65|spa:85|spd:65|spe:121
Orthworm,Steel,hp:70|atk:85|def:145|spa:60|spd:55|spe:65
Glimmet,Rock|Poison,hp:48|atk:35|def:42|spa:105|spd:60|spe:60
Glimmora,Rock|Poison,hp:83|atk:55|def:90|spa:130|spd:81|spe:86
Greavard,Ghost,hp:50|atk:61|def:60|spa:30|spd:55|spe:34
Houndstone,Ghost,hp:72|atk:101|def:100|spa:50|spd:97|spe:68
Flamigo,Flying|Fighting,hp:82|atk:115|def:74|spa:75|spd:64|spe:90
Cetoddle,Ice,hp:108|atk:68|def:45|spa:30|spd:40|spe:43
Cetitan,Ice,hp:170|atk:113|def:65|spa:45|spd:55|spe:73
Veluza,Water|Psychic,hp:90|atk:102|def:73|spa:78|spd:65|spe:70
Dondozo,Water,hp:150|atk:100|def:115|spa:65|spd:65|spe:35
Tatsugiri,Dragon|Water,hp:68|atk:50|def:60|spa:120|spd:95|spe:82
Annihilape,Fighting|Ghost,hp:110|atk:115|def:80|spa:50|spd:90|spe:90
Clodsire,Poison|Ground,hp:130|atk:75|def:60|spa:45|spd:100|spe:20
Farigiraf,Normal|Psychic,hp:120|atk:90|def:70|spa:110|spd:70|spe:60
Dudunsparce,Normal,hp:125|atk:100|def:80|spa:85|spd:75|spe:55
Dudunsparce-Three-Segment,Normal,hp:125|atk:100|def:80|spa:85|spd:75|spe:55
Kingambit,Dark|Steel,hp:100|atk:135|def:120|spa:60|spd:85|spe:50
Great Tusk,Ground|Fighting,hp:115|atk:131|def:131|spa:53|spd:53|spe:87
Scream Tail,Fairy|Psychic,hp:115|atk:65|def:99|spa:65|spd:115|spe:111
Brute Bonnet,Grass|Dark,hp:111|atk:127|def:99|spa:79|spd:99|spe:55
Flutter Mane,Ghost|Fairy,hp:55|atk:55|def:55|spa:135|spd:135|spe:135
Slither Wing,Bug|Fighting,hp:85|atk:135|def:79|spa:85|spd:105|spe:81
Sandy Shocks,Electric|Ground,hp:85|atk:81|def:97|spa:121|spd:85|spe:101
Iron Treads,Ground|Steel,hp:90|atk:112|def:120|spa:72|spd:70|spe:106
Iron Bundle,Ice|Water,hp:56|atk:80|def:114|spa:124|spd:60|spe:136
Iron Hands,Fighting|Electric,hp:154|atk:140|def:108|spa:50|spd:68|spe:50
Iron Jugulis,Dark|Flying,hp:94|atk:80|def:86|spa:122|spd:80|spe:108
Iron Moth,Fire|Poison,hp:80|atk:70|def:60|spa:140|spd:110|spe:110
Iron Thorns,Rock|Electric,hp:100|atk:134|def:110|spa:70|spd:84|spe:72
Frigibax,Dragon|Ice,hp:65|atk:75|def:45|spa:35|spd:45|spe:55
Arctibax,Dragon|Ice,hp:90|atk:95|def:66|spa:45|spd:65|spe:62
Baxcalibur,Dragon|Ice,hp:115|atk:145|def:92|spa:75|spd:86|spe:87
Gimmighoul,Ghost,hp:45|atk:30|def:70|spa:75|spd:70|spe:10
Gimmighoul-Roaming,Ghost,hp:45|atk:30|def:25|spa:75|spd:45|spe:80
Gholdengo,Steel|Ghost,hp:87|atk:60|def:95|spa:133|spd:91|spe:84
Wo-Chien,Dark|Grass,hp:85|atk:85|def:100|spa:95|spd:135|spe:70
Chien-Pao,Dark|Ice,hp:80|atk:120|def:80|spa:90|spd:65|spe:135
Ting-Lu,Dark|Ground,hp:155|atk:110|def:125|spa:55|spd:80|spe:45
Chi-Yu,Dark|Fire,hp:55|atk:80|def:80|spa:135|spd:120|spe:100
Roaring Moon,Dragon|Dark,hp:105|atk:139|def:71|spa:55|spd:101|spe:119
Iron Valiant,Fairy|Fighting,hp:74|atk:130|def:90|spa:120|spd:60|spe:116
Koraidon,Fighting|Dragon,hp:100|atk:135|def:115|spa:85|spd:100|spe:135
Miraidon,Electric|Dragon,hp:100|atk:85|def:100|spa:135|spd:115|spe:135
MissingNo.,Bird|Normal,hp:33|atk:136|def:0|spa:6|spd:6|spe:29
Syclar,Ice|Bug,hp:40|atk:76|def:45|spa:74|spd:39|spe:91
Syclant,Ice|Bug,hp:70|atk:116|def:70|spa:114|spd:64|spe:121
Revenankh,Ghost|Fighting,hp:90|atk:105|def:90|spa:65|spd:110|spe:65
Embirch,Fire|Grass,hp:60|atk:40|def:55|spa:65|spd:40|spe:60
Flarelm,Fire|Grass,hp:90|atk:50|def:95|spa:75|spd:70|spe:40
Pyroak,Fire|Grass,hp:120|atk:70|def:105|spa:70|spd:65|spe:60
Breezi,Poison|Flying,hp:50|atk:46|def:69|spa:60|spd:50|spe:75
Fidgit,Poison|Ground,hp:95|atk:76|def:109|spa:90|spd:80|spe:105
Rebble,Rock,hp:45|atk:25|def:65|spa:75|spd:55|spe:80
Tactite,Rock,hp:70|atk:40|def:65|spa:100|spd:65|spe:95
Stratagem,Rock,hp:90|atk:60|def:65|spa:120|spd:70|spe:130
Privatyke,Water|Fighting,hp:65|atk:75|def:65|spa:40|spd:60|spe:45
Arghonaut,Water|Fighting,hp:105|atk:110|def:95|spa:70|spd:100|spe:75
Kitsunoh,Ghost|Steel,hp:80|atk:103|def:85|spa:55|spd:80|spe:110
Cyclohm,Electric|Dragon,hp:108|atk:60|def:118|spa:112|spd:70|spe:80
Colossoil,Ground|Dark,hp:133|atk:122|def:72|spa:71|spd:72|spe:95
Krilowatt,Electric|Water,hp:151|atk:84|def:73|spa:83|spd:74|spe:105
Voodoll,Normal|Dark,hp:55|atk:40|def:55|spa:75|spd:50|spe:70
Voodoom,Fighting|Dark,hp:90|atk:85|def:80|spa:130|spd:80|spe:110
Scratchet,Normal|Fighting,hp:55|atk:85|def:80|spa:20|spd:70|spe:40
Tomohawk,Flying|Fighting,hp:105|atk:60|def:90|spa:115|spd:80|spe:85
Necturine,Grass|Ghost,hp:49|atk:55|def:60|spa:50|spd:75|spe:51
Necturna,Grass|Ghost,hp:64|atk:120|def:100|spa:85|spd:120|spe:58
Mollux,Fire|Poison,hp:95|atk:45|def:83|spa:131|spd:105|spe:76
Cupra,Bug|Psychic,hp:50|atk:60|def:49|spa:67|spd:30|spe:44
Argalis,Bug|Psychic,hp:60|atk:90|def:89|spa:87|spd:40|spe:54
Aurumoth,Bug|Psychic,hp:110|atk:120|def:99|spa:117|spd:60|spe:94
Brattler,Dark|Grass,hp:80|atk:70|def:40|spa:20|spd:90|spe:30
Malaconda,Dark|Grass,hp:115|atk:100|def:60|spa:40|spd:130|spe:55
Cawdet,Steel|Flying,hp:35|atk:72|def:85|spa:40|spd:55|spe:88
Cawmodore,Steel|Flying,hp:50|atk:92|def:130|spa:65|spd:75|spe:118
Volkritter,Water|Fire,hp:60|atk:30|def:50|spa:80|spd:60|spe:70
Volkraken,Water|Fire,hp:100|atk:45|def:80|spa:135|spd:100|spe:95
Snugglow,Electric|Poison,hp:40|atk:37|def:79|spa:91|spd:68|spe:70
Plasmanta,Electric|Poison,hp:60|atk:57|def:119|spa:131|spd:98|spe:100
Floatoy,Water,hp:48|atk:70|def:40|spa:70|spd:30|spe:77
Caimanoe,Water|Steel,hp:73|atk:85|def:65|spa:80|spd:40|spe:87
Naviathan,Water|Steel,hp:103|atk:110|def:90|spa:95|spd:65|spe:97
Crucibelle,Rock|Poison,hp:106|atk:105|def:65|spa:75|spd:85|spe:104
Crucibelle-Mega,Rock|Poison,hp:106|atk:135|def:75|spa:91|spd:125|spe:108
Pluffle,Fairy,hp:74|atk:38|def:51|spa:65|spd:78|spe:49
Kerfluffle,Fairy|Fighting,hp:84|atk:78|def:86|spa:115|spd:88|spe:119
Pajantom,Dragon|Ghost,hp:84|atk:133|def:71|spa:51|spd:111|spe:101
Mumbao,Grass|Fairy,hp:55|atk:30|def:64|spa:87|spd:73|spe:66
Jumbao,Grass|Fairy,hp:92|atk:63|def:97|spa:124|spd:104|spe:96
Fawnifer,Grass,hp:49|atk:61|def:42|spa:52|spd:40|spe:76
Electrelk,Grass|Electric,hp:59|atk:81|def:67|spa:57|spd:55|spe:101
Caribolt,Grass|Electric,hp:84|atk:106|def:82|spa:77|spd:80|spe:106
Smogecko,Fire,hp:48|atk:66|def:43|spa:58|spd:48|spe:56
Smoguana,Fire|Ground,hp:68|atk:86|def:53|spa:68|spd:68|spe:76
Smokomodo,Fire|Ground,hp:88|atk:116|def:67|spa:88|spd:78|spe:97
Swirlpool,Water,hp:61|atk:49|def:70|spa:50|spd:62|spe:28
Coribalis,Water|Bug,hp:76|atk:69|def:90|spa:65|spd:77|spe:43
Snaelstrom,Water|Bug,hp:91|atk:94|def:110|spa:80|spd:97|spe:63
Justyke,Steel|Ground,hp:72|atk:70|def:56|spa:83|spd:68|spe:30
Equilibra,Steel|Ground,hp:102|atk:50|def:96|spa:133|spd:118|spe:60
Solotl,Fire|Dragon,hp:68|atk:48|def:34|spa:72|spd:24|spe:84
Astrolotl,Fire|Dragon,hp:108|atk:108|def:74|spa:92|spd:64|spe:114
Miasmite,Bug|Dragon,hp:40|atk:85|def:60|spa:52|spd:52|spe:44
Miasmaw,Bug|Dragon,hp:85|atk:135|def:60|spa:88|spd:105|spe:99
Chromera,Dark|Normal,hp:85|atk:85|def:115|spa:115|spd:100|spe:100
Nohface,Ghost,hp:50|atk:73|def:50|spa:30|spd:50|spe:80
Monohm,Electric,hp:53|atk:40|def:58|spa:67|spd:55|spe:55
Duohm,Electric|Dragon,hp:88|atk:40|def:103|spa:77|spd:60|spe:60
Dorsoil,Ground,hp:103|atk:72|def:52|spa:61|spd:52|spe:65
Protowatt,Electric|Water,hp:51|atk:44|def:33|spa:43|spd:34|spe:65
Venomicon,Poison|Flying,hp:85|atk:50|def:113|spa:118|spd:90|spe:64
Venomicon-Epilogue,Poison|Flying,hp:85|atk:102|def:85|spa:62|spd:85|spe:101
Saharascal,Ground,hp:50|atk:80|def:65|spa:45|spd:90|spe:70
Saharaja,Ground,hp:70|atk:112|def:105|spa:65|spd:123|spe:78
Pokestar Smeargle,Normal,hp:55|atk:20|def:35|spa:20|spd:45|spe:75
Pokestar UFO,Flying|Electric,hp:100|atk:100|def:100|spa:100|spd:100|spe:100
Pokestar UFO-2,Psychic|Electric,hp:100|atk:100|def:100|spa:100|spd:100|spe:100
Pokestar Brycen-Man,Dark|Psychic,hp:100|atk:100|def:100|spa:100|spd:100|spe:100
Pokestar MT,Steel,hp:100|atk:100|def:100|spa:100|spd:100|spe:100
Pokestar MT2,Steel|Electric,hp:100|atk:100|def:100|spa:100|spd:100|spe:100
Pokestar Transport,Steel,hp:100|atk:100|def:100|spa:100|spd:100|spe:100
Pokestar Giant,Normal,hp:100|atk:100|def:100|spa:100|spd:100|spe:100
Pokestar Humanoid,Normal,hp:100|atk:100|def:100|spa:100|spd:100|spe:100
Pokestar Monster,Dark,hp:100|atk:100|def:100|spa:100|spd:100|spe:100
Pokestar F-00,Steel|Normal,hp:100|atk:100|def:100|spa:100|spd:100|spe:100
Pokestar F-002,Steel|Normal,hp:100|atk:100|def:100|spa:100|spd:100|spe:100
Pokestar Spirit,Dark|Ghost,hp:100|atk:100|def:100|spa:100|spd:100|spe:100
Pokestar Black Door,Grass,hp:100|atk:100|def:100|spa:100|spd:100|spe:100
Pokestar White Door,Fire,hp:100|atk:100|def:100|spa:100|spd:100|spe:100
Pokestar Black Belt,Fighting,hp:100|atk:100|def:100|spa:100|spd:100|spe:100
Pokestar UFO-PropU2,Psychic|Electric,hp:100|atk:100|def:100|spa:100|spd:100|spe:100
